seq,seq,N,S,dN,dS,dN/dS,Paras.,,,
2,1,16910.8,6378.2,0.0111,0.0741,0.1498,0.0851,2.5098,0.1498,-34752.678
3,1,16779,6510,0.0118,0.0887,0.1326,0.0998,2.9447,0.1326,-35083.112
3,2,16908.9,6380.1,0.0132,0.0999,0.1322,0.1109,2.5335,0.1322,-35409.772
4,1,17038.1,6250.9,0.0174,0.1009,0.1729,0.1195,2.1477,0.1729,-35781.901
4,2,17081.9,6207.1,0.0196,0.1106,0.1777,0.1316,2.0598,0.1777,-36124.848
4,3,16959.3,6329.7,0.0187,0.1163,0.1607,0.1356,2.3817,0.1607,-36137.811
5,1,16798.3,6490.7,0.0118,0.0888,0.1324,0.0997,2.8857,0.1324,-35068.387
5,2,16950.2,6338.8,0.0139,0.0996,0.1399,0.1118,2.4168,0.1399,-35448.711
5,3,17055.6,6233.4,0.005,0.0334,0.1486,0.0378,2.1153,0.1486,-33231.089
5,4,16976.7,6312.3,0.019,0.1156,0.1642,0.1355,2.3401,0.1642,-36140.125
6,1,16776.6,6512.4,0.0115,0.0747,0.1544,0.0876,2.9079,0.1544,-34803.721
6,2,16931,6358,0.0135,0.0902,0.1496,0.1033,2.4279,0.1496,-35258.926
6,3,16860.8,6428.2,0.0118,0.0832,0.1421,0.0945,2.6361,0.1421,-34984.722
6,4,16978.9,6310.1,0.019,0.1011,0.1879,0.1237,2.2895,0.1879,-35921.939
6,5,16840,6449,0.0122,0.0843,0.1451,0.0965,2.7158,0.1451,-35025.401
7,1,16856.1,6432.9,0.0117,0.0839,0.1389,0.0949,2.684,0.1389,-34993.445
7,2,16954.7,6334.3,0.0133,0.0935,0.1424,0.1054,2.404,0.1424,-35310.234
7,3,16889.1,6399.9,0.0062,0.046,0.1339,0.0513,2.595,0.1339,-33686.677
7,4,16998,6291,0.0195,0.1108,0.176,0.1325,2.2805,0.176,-36119.269
7,5,16936.2,6352.8,0.0066,0.0421,0.1562,0.0488,2.4579,0.1562,-33622.601
7,6,16890,6399,0.0126,0.083,0.1519,0.0958,2.5527,0.1519,-35052.628
8,1,16778.5,6510.5,0.0113,0.0874,0.1291,0.0977,2.9342,0.1291,-35012.822
8,2,16916.6,6372.4,0.0128,0.0975,0.1311,0.1079,2.4985,0.1311,-35329.743
8,3,17072.1,6216.9,0.0038,0.0256,0.1496,0.0289,2.0569,0.1496,-32921.008
8,4,16972.8,6316.2,0.0188,0.1164,0.161,0.1357,2.3322,0.161,-36144.212
8,5,16971.7,6317.3,0.0041,0.03,0.137,0.0334,2.3333,0.137,-33053.011
8,6,16866.5,6422.5,0.0113,0.083,0.1358,0.0932,2.6062,0.1358,-34932.093
8,7,16801.7,6487.3,0.0057,0.0446,0.1283,0.0496,2.8827,0.1283,-33610.607
9,1,16866,6423,0.0115,0.087,0.1322,0.097,2.6078,0.1322,-35031.046
9,2,16936.8,6352.2,0.0138,0.0996,0.1387,0.1116,2.417,0.1387,-35452.802
9,3,16826.1,6462.9,0.012,0.1012,0.1182,0.1102,2.7606,0.1182,-35317.224
9,4,17128.4,6160.6,0.0136,0.0727,0.1872,0.0877,1.9123,0.1872,-34946.657
9,5,16881.6,6407.4,0.0127,0.1006,0.1268,0.1107,2.5856,0.1268,-35361.689
9,6,16845.5,6443.5,0.0132,0.0907,0.1452,0.1039,2.6534,0.1452,-35254.039
9,7,16872.9,6416.1,0.0125,0.0988,0.1261,0.1088,2.6146,0.1261,-35327.997
9,8,16830.8,6458.2,0.0121,0.1,0.121,0.1095,2.7326,0.121,-35310.253
10,1,16922,6367,0.012,0.0866,0.1386,0.0972,2.4288,0.1386,-35063.546
10,2,16997.6,6291.4,0.0141,0.099,0.142,0.111,2.2392,0.142,-35460.016
10,3,16884.5,6404.5,0.0123,0.1033,0.1188,0.1119,2.5612,0.1188,-35378.024
10,4,17138.8,6150.2,0.0139,0.0768,0.1816,0.0916,1.8853,0.1816,-35053.967
10,5,16931.1,6357.9,0.0125,0.1025,0.1221,0.1113,2.427,0.1221,-35375.17
10,6,16908.7,6380.3,0.013,0.0924,0.1404,0.1042,2.4489,0.1404,-35268.853
10,7,16928.6,6360.4,0.0127,0.0991,0.1283,0.1089,2.4356,0.1283,-35348.481
10,8,16881.5,6407.5,0.0121,0.102,0.1188,0.1106,2.5598,0.1188,-35342.544
10,9,17029.6,6259.4,0.0021,0.0166,0.1242,0.0179,2.1172,0.1242,-32464.075
11,1,16831.7,6457.3,0.0134,0.0893,0.1504,0.1034,2.7712,0.1504,-35230.924
11,2,16946,6343,0.0149,0.0998,0.1493,0.1141,2.433,0.1493,-35540.846
11,3,16991.4,6297.6,0.0051,0.028,0.1836,0.0339,2.2905,0.1836,-33119.794
11,4,16983.5,6305.5,0.0203,0.1159,0.1755,0.1386,2.3235,0.1755,-36259.891
11,5,17070.2,6218.8,0.0055,0.0337,0.1634,0.0391,2.0876,0.1634,-33286.685
11,6,16867.2,6421.8,0.0135,0.0859,0.157,0.1004,2.6289,0.157,-35171.263
11,7,16947.8,6341.2,0.0076,0.0465,0.1633,0.0546,2.4261,0.1633,-33831.482
11,8,17032.5,6256.5,0.0054,0.0309,0.1765,0.0368,2.1687,0.1765,-33225.499
11,9,16852.5,6436.5,0.0135,0.1013,0.1329,0.1132,2.6849,0.1329,-35445.59
11,10,16914.1,6374.9,0.0134,0.1033,0.1298,0.114,2.4817,0.1298,-35471.632
12,1,16779.5,6509.5,0.0124,0.0884,0.1399,0.1009,2.9697,0.1399,-35125.215
12,2,16944.2,6344.8,0.014,0.0994,0.1405,0.1118,2.4457,0.1405,-35458.217
12,3,16863.3,6425.7,0.0047,0.0321,0.1461,0.0367,2.6922,0.1461,-33180.647
12,4,16969,6320,0.0197,0.1173,0.168,0.1386,2.3731,0.168,-36225.005
12,5,16959.6,6329.4,0.0047,0.0248,0.1877,0.0304,2.3982,0.1877,-32975.08
12,6,16835.9,6453.1,0.0128,0.085,0.15,0.0984,2.7427,0.15,-35094.363
12,7,16891.4,6397.6,0.007,0.0439,0.159,0.0514,2.6103,0.159,-33715.201
12,8,16873.9,6415.1,0.0048,0.0329,0.1446,0.0376,2.6454,0.1446,-33215.389
12,9,16822.5,6466.5,0.0126,0.101,0.125,0.1115,2.7974,0.125,-35365.651
12,10,16879.6,6409.4,0.0126,0.1022,0.1237,0.1118,2.5984,0.1237,-35384.739
12,11,16979.8,6309.2,0.0064,0.0355,0.1802,0.0428,2.3423,0.1802,-33432.281
13,1,16953.5,6335.5,0.0112,0.0692,0.1612,0.0808,2.3564,0.1612,-34657.149
13,2,17086.1,6202.9,0.0134,0.0824,0.1623,0.0952,2.0282,0.1623,-35105.726
13,3,16944.3,6344.7,0.0105,0.0771,0.1363,0.0859,2.3994,0.1363,-34747.987
13,4,17101.6,6187.4,0.0193,0.0961,0.2008,0.1191,1.9897,0.2008,-35855.803
13,5,16971.5,6317.5,0.0108,0.0739,0.1467,0.0838,2.3292,0.1467,-34705.67
13,6,16838.2,6450.8,0.0091,0.0582,0.1569,0.0682,2.6944,0.1569,-34250.505
13,7,16942.9,6346.1,0.0112,0.0729,0.1539,0.0841,2.4137,0.1539,-34739.547
13,8,16919.1,6369.9,0.01,0.0748,0.1339,0.0832,2.4644,0.1339,-34658.155
13,9,16955.9,6333.1,0.0128,0.086,0.1486,0.0981,2.3363,0.1486,-35129.489
13,10,16999.9,6289.1,0.013,0.0865,0.1509,0.0986,2.2101,0.1509,-35156.622
13,11,16972,6317,0.0125,0.077,0.1621,0.0899,2.3307,0.1621,-34919.267
13,12,16946.8,6342.2,0.0114,0.0749,0.1521,0.086,2.4119,0.1521,-34782.463
14,1,16987.5,6301.5,0.0118,0.067,0.1759,0.0802,2.268,0.1759,-34673.596
14,2,17138.2,6150.8,0.0137,0.0837,0.1639,0.0967,1.9118,0.1639,-35159.584
14,3,16941.9,6347.1,0.0119,0.0814,0.1462,0.0925,2.4141,0.1462,-34964.147
14,4,17153.2,6135.8,0.0195,0.0958,0.2039,0.1189,1.8759,0.2039,-35868.462
14,5,16983.8,6305.2,0.0125,0.0802,0.1553,0.0924,2.3019,0.1553,-34973.216
14,6,17008.7,6280.3,0.0105,0.0637,0.1647,0.0745,2.1923,0.1647,-34483.148
14,7,16989.8,6299.2,0.0123,0.0764,0.161,0.089,2.2863,0.161,-34908.57
14,8,16955,6334,0.0115,0.079,0.1453,0.0895,2.3655,0.1453,-34875.903
14,9,16975.9,6313.1,0.0134,0.0837,0.1598,0.0973,2.287,0.1598,-35138.711
14,10,17043.8,6245.2,0.0137,0.0836,0.1644,0.0974,2.1022,0.1644,-35162.679
14,11,16995.2,6293.8,0.0137,0.0806,0.1697,0.0953,2.2732,0.1697,-35098.898
14,12,16951.3,6337.7,0.0126,0.0794,0.159,0.0923,2.4061,0.159,-34982.152
14,13,17156,6133,0.0096,0.042,0.2279,0.0543,1.8514,0.2279,-33920.83
15,1,16917.2,6371.8,0.0114,0.0657,0.1738,0.0788,2.4653,0.1738,-34601.247
15,2,17015.9,6273.1,0.0132,0.0836,0.1584,0.0966,2.2105,0.1584,-35103.235
15,3,16913.8,6375.2,0.0114,0.0797,0.1434,0.0903,2.4932,0.1434,-34880.969
15,4,17082,6207,0.0185,0.0934,0.1976,0.1153,2.0392,0.1976,-35731.728
15,5,16915.1,6373.9,0.0117,0.0755,0.1549,0.0874,2.4986,0.1549,-34809.102
15,6,16886.7,6402.3,0.009,0.0595,0.1515,0.0687,2.5385,0.1515,-34260.617
15,7,16956.2,6332.8,0.0118,0.0757,0.1555,0.0874,2.3762,0.1555,-34831.18
15,8,16872.9,6416.1,0.011,0.0783,0.1409,0.0887,2.6112,0.1409,-34817.403
15,9,16925.8,6363.2,0.0125,0.0803,0.1557,0.0931,2.4257,0.1557,-34993.41
15,10,16983.9,6305.1,0.0128,0.0806,0.1591,0.0935,2.2546,0.1591,-35021.147
15,11,16916.5,6372.5,0.0128,0.0777,0.1653,0.0917,2.4979,0.1653,-34959.734
15,12,16917.1,6371.9,0.0123,0.0798,0.1544,0.0923,2.5039,0.1544,-34955.524
15,13,17077.8,6211.2,0.0086,0.0472,0.1817,0.0566,2.0286,0.1817,-33935.905
15,14,17153.5,6135.5,0.0093,0.046,0.202,0.0569,1.8581,0.202,-33987.52
16,1,16883.5,6405.5,0.0116,0.0696,0.1661,0.0826,2.5828,0.1661,-34702.831
16,2,16990.1,6298.9,0.0128,0.0833,0.1534,0.0955,2.2923,0.1534,-35065.708
16,3,16884.1,6404.9,0.0124,0.0907,0.1366,0.1018,2.5997,0.1366,-35171.878
16,4,17089.9,6199.1,0.0178,0.0922,0.1927,0.1127,2.03,0.1927,-35665.8
16,5,16903.8,6385.2,0.0131,0.0886,0.1473,0.1013,2.5467,0.1473,-35181.495
16,6,16872.1,6416.9,0.012,0.0731,0.1646,0.0866,2.5986,0.1646,-34808.128
16,7,16914.7,6374.3,0.0131,0.0854,0.154,0.0987,2.5136,0.154,-35147.001
16,8,16883.8,6405.2,0.0125,0.089,0.1406,0.1007,2.5895,0.1406,-35153.959
16,9,16901.6,6387.4,0.0132,0.0924,0.1425,0.1046,2.5123,0.1425,-35273.005
16,10,16970,6319,0.0133,0.0919,0.1444,0.1039,2.3053,0.1444,-35271.438
16,11,16896.2,6392.8,0.0145,0.0917,0.1584,0.1071,2.5743,0.1584,-35367.626
16,12,16893.2,6395.8,0.0128,0.0878,0.1458,0.1002,2.5925,0.1458,-35149.484
16,13,17035.4,6253.6,0.0127,0.0696,0.1819,0.0838,2.1471,0.1819,-34794.668
16,14,17100.4,6188.6,0.0124,0.068,0.1824,0.0815,1.9915,0.1824,-34741.109
16,15,16971.2,6317.8,0.0123,0.0683,0.1803,0.0826,2.3229,0.1803,-34733.689
17,1,16811.4,6477.6,0.0105,0.0663,0.1591,0.0781,2.8135,0.1591,-34539.589
17,2,16886.5,6402.5,0.0125,0.0819,0.1527,0.0948,2.5925,0.1527,-35022.466
17,3,16820.6,6468.4,0.0138,0.0895,0.1545,0.1045,2.8015,0.1545,-35282.707
17,4,16985.9,6303.1,0.0207,0.0997,0.2071,0.1262,2.2942,0.2071,-36021.945
17,5,16825,6464,0.0151,0.0929,0.1622,0.11,2.7976,0.1622,-35427.155
17,6,16866.5,6422.5,0.0118,0.0726,0.1625,0.0856,2.6053,0.1625,-34781.324
17,7,16828.9,6460.1,0.0151,0.0908,0.1658,0.1081,2.7839,0.1658,-35405.662
17,8,16804.6,6484.4,0.0141,0.0916,0.1537,0.107,2.8466,0.1537,-35337.595
17,9,16844,6445,0.0139,0.0903,0.1538,0.1051,2.6865,0.1538,-35309.221
17,10,16912.2,6376.8,0.0139,0.0914,0.1525,0.1054,2.4637,0.1525,-35328.967
17,11,16834.3,6454.7,0.0162,0.0936,0.1725,0.1129,2.7691,0.1725,-35540.954
17,12,16795.3,6493.7,0.0152,0.0939,0.1619,0.1115,2.9184,0.1619,-35464.764
17,13,16967.7,6321.3,0.0137,0.0718,0.1907,0.0884,2.321,0.1907,-34931.187
17,14,17019.9,6269.1,0.0143,0.0745,0.1921,0.0915,2.1853,0.1921,-35040.578
17,15,16899.4,6389.6,0.0133,0.0725,0.1838,0.0887,2.5259,0.1838,-34903.088
17,16,16928.4,6360.6,0.0129,0.0759,0.1702,0.0904,2.4498,0.1702,-34929.487
18,1,16792.5,6496.5,0.0094,0.0653,0.1444,0.075,2.8939,0.1444,-34417.438
18,2,16858.6,6430.4,0.0116,0.0802,0.1443,0.0916,2.6954,0.1443,-34901.598
18,3,16802.3,6486.7,0.0126,0.0881,0.1433,0.101,2.8797,0.1433,-35148.68
18,4,16994.1,6294.9,0.0197,0.101,0.1947,0.125,2.2816,0.1947,-35963.838
18,5,16803.9,6485.1,0.0138,0.09,0.153,0.105,2.8859,0.153,-35258.421
18,6,16813.6,6475.4,0.0117,0.0714,0.1638,0.0849,2.7946,0.1638,-34746.529
18,7,16824.4,6464.6,0.0134,0.0852,0.1567,0.0999,2.8121,0.1567,-35155.147
18,8,16801.8,6487.2,0.0126,0.0874,0.144,0.1003,2.8691,0.144,-35126.201
18,9,16817.5,6471.5,0.0125,0.0895,0.14,0.1018,2.7893,0.14,-35168.504
18,10,16898.5,6390.5,0.0128,0.0911,0.1401,0.1028,2.5164,0.1401,-35213.255
18,11,16819.2,6469.8,0.0149,0.0911,0.1637,0.1082,2.835,0.1637,-35386.445
18,12,16783.2,6505.8,0.0141,0.0912,0.1549,0.107,2.9773,0.1549,-35320.097
18,13,16960.3,6328.7,0.0127,0.0713,0.1779,0.0859,2.3522,0.1779,-34834.558
18,14,16982.6,6306.4,0.0131,0.0723,0.1809,0.0873,2.2967,0.1809,-34891.192
18,15,16874.2,6414.8,0.0127,0.0728,0.1744,0.0878,2.6175,0.1744,-34857.268
18,16,16858.7,6430.3,0.0118,0.0731,0.1612,0.0862,2.682,0.1612,-34781.313
18,17,16810,6479,0.0059,0.0378,0.1565,0.0444,2.8383,0.1565,-33461.957
19,1,16766.2,6522.8,0.0092,0.0587,0.1575,0.0693,2.9999,0.1575,-34265.273
19,2,16927.7,6361.3,0.0119,0.0779,0.1525,0.0898,2.4814,0.1525,-34885.136
19,3,16839.8,6449.2,0.0129,0.0852,0.1509,0.0987,2.7546,0.1509,-35109.832
19,4,17016.4,6272.6,0.0188,0.0965,0.1947,0.1191,2.2257,0.1947,-35805.346
19,5,16859.8,6429.2,0.0138,0.0857,0.1608,0.1009,2.6975,0.1608,-35178.954
19,6,16828.8,6460.2,0.0118,0.0715,0.1655,0.0851,2.7491,0.1655,-34756.523
19,7,16864.9,6424.1,0.0139,0.0815,0.1703,0.0977,2.6803,0.1703,-35135.499
19,8,16852.1,6436.9,0.0128,0.0854,0.1504,0.0987,2.7011,0.1504,-35108.591
19,9,16884.7,6404.3,0.0127,0.0863,0.1466,0.0987,2.5717,0.1466,-35120.077
19,10,16960.6,6328.4,0.0126,0.0876,0.1436,0.0989,2.3374,0.1436,-35130.619
19,11,16881.6,6407.4,0.0151,0.0852,0.1767,0.1031,2.6291,0.1767,-35290.79
19,12,16830.6,6458.4,0.0139,0.0853,0.1625,0.101,2.8115,0.1625,-35188.696
19,13,17004,6285,0.0125,0.0671,0.1857,0.0817,2.2356,0.1857,-34726.03
19,14,17042.3,6246.7,0.0128,0.0679,0.1891,0.0829,2.1416,0.1891,-34779.636
19,15,16955.4,6333.6,0.0122,0.0676,0.1805,0.0817,2.3744,0.1805,-34701.675
19,16,16935.3,6353.7,0.0114,0.0702,0.1627,0.0823,2.4457,0.1627,-34686.379
19,17,16772.7,6516.3,0.0067,0.0382,0.1744,0.0465,2.9833,0.1744,-33541.693
19,18,16705,6584,0.0059,0.0318,0.1852,0.0396,3.2688,0.1852,-33302.744
20,1,16840.6,6448.4,0.0209,0.1426,0.1464,0.1638,2.7444,0.1464,-36696.631
20,2,16913.3,6375.7,0.0237,0.1584,0.1498,0.1818,2.5369,0.1498,-37142.953
20,3,16879.5,6409.5,0.0251,0.1611,0.1556,0.1876,2.6335,0.1556,-37274.956
20,4,16971.6,6317.4,0.0305,0.1765,0.1727,0.2103,2.361,0.1727,-37881.193
20,5,16877.9,6411.1,0.025,0.1629,0.1536,0.189,2.6495,0.1536,-37280.486
20,6,16894.9,6394.1,0.0242,0.1495,0.1621,0.1758,2.5427,0.1621,-37056.906
20,7,16897.7,6391.3,0.0251,0.1618,0.1554,0.1879,2.5847,0.1554,-37299.442
20,8,16876.8,6412.2,0.0245,0.1603,0.1531,0.1858,2.6308,0.1531,-37223.972
20,9,16881.5,6407.5,0.0235,0.1612,0.146,0.1842,2.5928,0.146,-37170.4
20,10,16917.6,6371.4,0.0239,0.1614,0.148,0.1846,2.4737,0.148,-37201.691
20,11,16876.4,6412.6,0.0265,0.1633,0.1623,0.1925,2.6587,0.1623,-37398.031
20,12,16884.1,6404.9,0.0258,0.164,0.1573,0.1914,2.6413,0.1573,-37357.955
20,13,16936.1,6352.9,0.0251,0.1472,0.1702,0.1752,2.4386,0.1702,-37095.389
20,14,16980,6309,0.0252,0.1425,0.1772,0.171,2.3189,0.1772,-37045.026
20,15,16926.9,6362.1,0.0243,0.1474,0.1648,0.1738,2.4695,0.1648,-37031.48
20,16,16918.2,6370.8,0.0244,0.1562,0.1561,0.1813,2.508,0.1561,-37155.854
20,17,16857.1,6431.9,0.0202,0.1285,0.1575,0.1504,2.6952,0.1575,-36437.649
20,18,16848.6,6440.4,0.0199,0.129,0.154,0.1501,2.7368,0.154,-36413.745
20,19,16905,6384,0.0196,0.1271,0.1546,0.1473,2.5578,0.1546,-36369.58
21,1,16735.3,6553.7,0.0125,0.087,0.1443,0.1005,3.0651,0.1443,-35112.015
21,2,16820.9,6468.1,0.0146,0.1007,0.1453,0.1156,2.7836,0.1453,-35533.82
21,3,16800.2,6488.8,0.0162,0.1054,0.1539,0.1232,2.8438,0.1539,-35745.556
21,4,16971.8,6317.2,0.022,0.1184,0.1861,0.1446,2.3097,0.1861,-36431.895
21,5,16791.1,6497.9,0.0166,0.1083,0.1534,0.1266,2.8884,0.1534,-35812.522
21,6,16809.5,6479.5,0.0149,0.0913,0.1629,0.1085,2.7675,0.1629,-35396.568
21,7,16832.9,6456.1,0.0162,0.1042,0.1554,0.1218,2.7403,0.1554,-35726.414
21,8,16778.4,6510.6,0.0158,0.1066,0.1483,0.1236,2.9107,0.1483,-35726.776
21,9,16821,6468,0.0155,0.1008,0.1537,0.1175,2.7357,0.1537,-35616.85
21,10,16865,6424,0.0155,0.103,0.1503,0.1189,2.584,0.1503,-35655.741
21,11,16810.9,6478.1,0.0178,0.1084,0.1642,0.129,2.8217,0.1642,-35915.302
21,12,16778.6,6510.4,0.0173,0.1099,0.1578,0.1297,2.9488,0.1578,-35902.144
21,13,16890.6,6398.4,0.0159,0.092,0.1728,0.1104,2.5245,0.1728,-35492.332
21,14,16929.8,6359.2,0.0161,0.0903,0.1782,0.1091,2.4133,0.1782,-35480.862
21,15,16823.1,6465.9,0.0151,0.0886,0.17,0.1064,2.7478,0.17,-35350.093
21,16,16862.4,6426.6,0.0156,0.0957,0.1632,0.1131,2.6292,0.1632,-35522.301
21,17,16710.9,6578.1,0.0105,0.0671,0.1563,0.0794,3.1714,0.1563,-34541.647
21,18,16685,6604,0.0103,0.0726,0.1424,0.084,3.2936,0.1424,-34635.67
21,19,16738.6,6550.4,0.0104,0.0706,0.1479,0.0821,3.0824,0.1479,-34600.956
21,20,16880.6,6408.4,0.0161,0.1163,0.1381,0.131,2.5902,0.1381,-35903.253
22,1,16819.6,6469.4,0.0145,0.088,0.1647,0.1048,2.7762,0.1647,-35305.092
22,2,16874.1,6414.9,0.0163,0.1005,0.1622,0.1184,2.6245,0.1622,-35677.604
22,3,16827.9,6461.1,0.0182,0.1111,0.1635,0.1318,2.7675,0.1635,-36004.735
22,4,17000.2,6288.8,0.0235,0.1187,0.1977,0.1475,2.2474,0.1977,-36552.236
22,5,16847.1,6441.9,0.0187,0.1102,0.17,0.1321,2.7128,0.17,-36026.992
22,6,16844.3,6444.7,0.0169,0.0968,0.1748,0.1171,2.67,0.1748,-35670.171
22,7,16890.4,6398.6,0.0182,0.1048,0.1741,0.126,2.5709,0.1741,-35913.426
22,8,16834.7,6454.3,0.0177,0.1096,0.1619,0.1296,2.7324,0.1619,-35947.686
22,9,16854.6,6434.4,0.0169,0.1016,0.1665,0.1209,2.6431,0.1665,-35754.676
22,10,16907,6382,0.0168,0.102,0.1646,0.1204,2.4718,0.1646,-35750.858
22,11,16846.6,6442.4,0.0194,0.1103,0.1762,0.1337,2.7186,0.1762,-36086.908
22,12,16822.2,6466.8,0.0185,0.1106,0.167,0.1322,2.8123,0.167,-36017.654
22,13,16948.6,6340.4,0.0179,0.0928,0.1925,0.1148,2.3686,0.1925,-35680.536
22,14,16993.3,6295.7,0.018,0.0907,0.1984,0.113,2.2501,0.1984,-35653.154
22,15,16895.9,6393.1,0.0172,0.09,0.1913,0.1116,2.5292,0.1913,-35560.19
22,16,16897.2,6391.8,0.0169,0.0985,0.1712,0.1178,2.5377,0.1712,-35680.733
22,17,16788.4,6500.6,0.0124,0.0736,0.1679,0.0884,2.895,0.1679,-34844.464
22,18,16771.7,6517.3,0.0118,0.0762,0.1552,0.0896,2.9699,0.1552,-34849.569
22,19,16832.6,6456.4,0.0119,0.0721,0.1651,0.0857,2.7578,0.1651,-34770.325
22,20,16882.8,6406.2,0.0178,0.1171,0.1519,0.1353,2.6023,0.1519,-36064.11
22,21,16887.5,6401.5,0.0053,0.0315,0.1673,0.0374,2.5311,0.1673,-33225.529
23,1,16886.3,6402.7,0.0193,0.1407,0.1369,0.158,2.579,0.1369,-36544.893
23,2,16957.9,6331.1,0.0222,0.1555,0.143,0.1754,2.3886,0.143,-36989.762
23,3,16919.7,6369.3,0.0231,0.1595,0.1451,0.1813,2.4923,0.1451,-37110.306
23,4,17014.4,6274.6,0.0288,0.1738,0.1654,0.2035,2.2284,0.1654,-37727.624
23,5,16919.5,6369.5,0.0237,0.1619,0.1461,0.1844,2.5024,0.1461,-37172.399
23,6,16940.6,6348.4,0.0227,0.147,0.1543,0.1697,2.391,0.1543,-36904.025
23,7,16936.7,6352.3,0.0235,0.1589,0.148,0.1814,2.4499,0.148,-37141.965
23,8,16919.7,6369.3,0.0229,0.158,0.1451,0.1796,2.4813,0.1451,-37075.218
23,9,16924.4,6364.6,0.022,0.1585,0.1391,0.178,2.4459,0.1391,-37021.956
23,10,16961.3,6327.7,0.0223,0.1591,0.1405,0.1785,2.3322,0.1405,-37052.488
23,11,16913.1,6375.9,0.0248,0.1624,0.1525,0.1873,2.5264,0.1525,-37264.006
23,12,16920.6,6368.4,0.0241,0.1628,0.148,0.1861,2.5106,0.148,-37222.001
23,13,16975.9,6313.1,0.0236,0.1456,0.1619,0.17,2.3105,0.1619,-36960.648
23,14,17017.2,6271.8,0.0237,0.1404,0.1691,0.1655,2.2048,0.1691,-36901.954
23,15,16964.3,6324.7,0.0227,0.1444,0.1571,0.1672,2.346,0.1571,-36864.198
23,16,16967.3,6321.7,0.0227,0.1536,0.1478,0.1747,2.3488,0.1478,-36992.959
23,17,16907.6,6381.4,0.0186,0.1255,0.148,0.1436,2.5177,0.148,-36259.813
23,18,16903.3,6385.7,0.0182,0.1266,0.1436,0.1438,2.5427,0.1436,-36244.051
23,19,16951.6,6337.4,0.018,0.1252,0.1437,0.1415,2.4019,0.1437,-36205.879
23,20,16629.1,6659.9,0.0036,0.0145,0.2474,0.0202,3.6478,0.2474,-32567.849
23,21,16931.4,6357.6,0.015,0.1141,0.1318,0.1262,2.4198,0.1318,-35782.299
23,22,16934.2,6354.8,0.0165,0.1144,0.1442,0.1297,2.4291,0.1442,-35918.649
24,1,16875.9,6413.1,0.0202,0.1443,0.1397,0.1631,2.6347,0.1397,-36666.573
24,2,16937.6,6351.4,0.023,0.1604,0.1436,0.1815,2.4697,0.1436,-37117.104
24,3,16899.1,6389.9,0.0241,0.1641,0.1467,0.1875,2.5785,0.1467,-37243.637
24,4,16993.4,6295.6,0.0295,0.1785,0.1653,0.2094,2.306,0.1653,-37838.723
24,5,16908.6,6380.4,0.0246,0.166,0.148,0.19,2.5585,0.148,-37292.555
24,6,16917.4,6371.6,0.0236,0.1514,0.156,0.1757,2.4811,0.156,-37037.961
24,7,16922.2,6366.8,0.0244,0.1623,0.1506,0.1864,2.5155,0.1506,-37254.734
24,8,16898,6391,0.0239,0.1627,0.1466,0.1859,2.5709,0.1466,-37207.466
24,9,16906.8,6382.2,0.0228,0.163,0.1401,0.1837,2.5209,0.1401,-37138.619
24,10,16946.6,6342.4,0.0233,0.1635,0.1422,0.1844,2.3946,0.1422,-37178.102
24,11,16897.7,6391.3,0.0258,0.1655,0.1559,0.1925,2.5976,0.1559,-37382.361
24,12,16910.8,6378.2,0.025,0.1667,0.1501,0.1915,2.5634,0.1501,-37340.985
24,13,16960.2,6328.8,0.0245,0.1499,0.1634,0.1757,2.3751,0.1634,-37091.103
24,14,17005.4,6283.6,0.0247,0.1449,0.1702,0.1713,2.2551,0.1702,-37038.141
24,15,16941.3,6347.7,0.0235,0.1481,0.1586,0.1724,2.4337,0.1586,-36977.348
24,16,16944.8,6344.2,0.0234,0.1577,0.1486,0.1801,2.4351,0.1486,-37106.342
24,17,16882.3,6406.7,0.0195,0.1285,0.1516,0.1485,2.6203,0.1516,-36379.173
24,18,16869.5,6419.5,0.0191,0.1297,0.1474,0.1488,2.6749,0.1474,-36364.247
24,19,16928.8,6360.2,0.0189,0.1275,0.1482,0.1457,2.4917,0.1482,-36314.507
24,20,16745,6544,0.0043,0.0174,0.249,0.0241,3.1598,0.249,-32734.3
24,21,16900.5,6388.5,0.0159,0.1184,0.1346,0.1321,2.5352,0.1346,-35925.652
24,22,16908.4,6380.6,0.0175,0.1188,0.1475,0.1359,2.5292,0.1475,-36071.67
24,23,16516.2,6772.8,0.0029,0.0135,0.2132,0.0179,4.2822,0.2132,-32457.488
25,1,16895,6394,0.0218,0.1463,0.1494,0.168,2.5494,0.1494,-36834.024
25,2,16952.9,6336.1,0.0246,0.1617,0.1519,0.1857,2.4017,0.1519,-37259.043
25,3,16915,6374,0.0259,0.1651,0.157,0.1921,2.505,0.157,-37402.547
25,4,17014.5,6274.5,0.031,0.1804,0.1719,0.2137,2.227,0.1719,-37974.475
25,5,16923.9,6365.1,0.0262,0.1671,0.1566,0.194,2.4871,0.1566,-37433.297
25,6,16931.5,6357.5,0.0252,0.1528,0.1651,0.1801,2.4166,0.1651,-37185.835
25,7,16947.9,6341.1,0.026,0.1638,0.1588,0.1906,2.415,0.1588,-37400.961
25,8,16912.1,6376.9,0.0255,0.1636,0.1562,0.19,2.5029,0.1562,-37354.566
25,9,16928.7,6360.3,0.0242,0.1653,0.1464,0.1882,2.4315,0.1464,-37281.52
25,10,16962.9,6326.1,0.0246,0.1657,0.1482,0.1887,2.3266,0.1482,-37314.605
25,11,16917.1,6371.9,0.0275,0.1677,0.1642,0.1976,2.5119,0.1642,-37545.022
25,12,16913.4,6375.6,0.0262,0.1662,0.1575,0.1935,2.5313,0.1575,-37426.571
25,13,16968.4,6320.6,0.0262,0.1503,0.1743,0.1797,2.3306,0.1743,-37231.436
25,14,17016.6,6272.4,0.0264,0.1458,0.1808,0.1756,2.2052,0.1808,-37184.954
25,15,16956.6,6332.4,0.0251,0.1493,0.1679,0.1765,2.3669,0.1679,-37121.51
25,16,16959.5,6329.5,0.0252,0.1591,0.1586,0.1848,2.3703,0.1586,-37268.39
25,17,16903,6386,0.0211,0.1309,0.1611,0.1536,2.5302,0.1611,-36547.135
25,18,16897.2,6391.8,0.0208,0.132,0.1573,0.1539,2.56,0.1573,-36537.408
25,19,16950.1,6338.9,0.0206,0.1293,0.1589,0.1505,2.4044,0.1589,-36481.678
25,20,16966.2,6322.8,0.0062,0.0238,0.2604,0.033,2.3673,0.2604,-33119.159
25,21,16929.2,6359.8,0.017,0.1201,0.1415,0.1355,2.4242,0.1415,-36046.188
25,22,16936.5,6352.5,0.0186,0.1202,0.155,0.139,2.4203,0.155,-36189.675
25,23,17069.4,6219.6,0.0048,0.0207,0.2315,0.0271,2.0755,0.2315,-32880.738
25,24,16950.9,6338.1,0.0057,0.0202,0.2817,0.0289,2.4203,0.2817,-32960.469
26,1,16839.1,6449.9,0.0209,0.1416,0.1475,0.1629,2.7277,0.1475,-36682.936
26,2,16913.4,6375.6,0.0236,0.1576,0.1498,0.1808,2.5168,0.1498,-37122.954
26,3,16880.2,6408.8,0.0248,0.1611,0.1538,0.1868,2.6105,0.1538,-37254.215
26,4,16970,6319,0.0302,0.1769,0.1705,0.2099,2.3474,0.1705,-37867.428
26,5,16878.7,6410.3,0.025,0.1638,0.1528,0.1897,2.6257,0.1528,-37301.165
26,6,16886.2,6402.8,0.0242,0.1487,0.1627,0.1753,2.5507,0.1627,-37046.702
26,7,16902,6387,0.025,0.1614,0.1549,0.1873,2.5507,0.1549,-37285.645
26,8,16875.5,6413.5,0.0244,0.161,0.1517,0.1861,2.6143,0.1517,-37228.483
26,9,16884.1,6404.9,0.0234,0.1612,0.1451,0.1839,2.5644,0.1451,-37162.605
26,10,16922.9,6366.1,0.0237,0.1613,0.1469,0.1839,2.4391,0.1469,-37186.429
26,11,16877.7,6411.3,0.026,0.164,0.1586,0.192,2.6332,0.1586,-37379.283
26,12,16883.8,6405.2,0.0255,0.164,0.1553,0.1908,2.6211,0.1553,-37340.295
26,13,16931.2,6357.8,0.025,0.1474,0.1693,0.1752,2.4347,0.1693,-37093.295
26,14,16976.3,6312.7,0.0252,0.1421,0.1773,0.1706,2.3118,0.1773,-37040.274
26,15,16922.1,6366.9,0.0239,0.1467,0.1627,0.1723,2.4648,0.1627,-36989.841
26,16,16920.3,6368.7,0.0241,0.1543,0.1564,0.1792,2.4824,0.1564,-37115.272
26,17,16854.4,6434.6,0.0202,0.1267,0.1593,0.1488,2.683,0.1593,-36406.726
26,18,16850,6439,0.0198,0.1278,0.1549,0.149,2.7098,0.1549,-36390.884
26,19,16898,6391,0.0195,0.1254,0.1553,0.1456,2.5599,0.1553,-36330.243
26,20,16535.9,6753.1,0.0051,0.0162,0.3174,0.0251,4.1328,0.3174,-32780.547
26,21,16878.6,6410.4,0.0164,0.1153,0.142,0.1308,2.5765,0.142,-35914.77
26,22,16882.3,6406.7,0.0178,0.116,0.1534,0.1345,2.5834,0.1534,-36051.601
26,23,16641.6,6647.4,0.0033,0.0138,0.242,0.019,3.5545,0.242,-32518.388
26,24,16543.9,6745.1,0.0043,0.0151,0.2872,0.0224,4.1036,0.2872,-32661.685
26,25,16978.3,6310.7,0.0051,0.0217,0.236,0.0288,2.3144,0.236,-32946.586
27,1,16857.3,6431.7,0.0213,0.1414,0.1503,0.1633,2.6735,0.1503,-36710.962
27,2,16922.9,6366.1,0.0241,0.1569,0.1537,0.1812,2.4944,0.1537,-37148.975
27,3,16884.4,6404.6,0.0247,0.1603,0.1543,0.1861,2.604,0.1543,-37241.025
27,4,16995.1,6293.9,0.0305,0.1756,0.1738,0.2092,2.2824,0.1738,-37872.84
27,5,16890.2,6398.8,0.0257,0.1646,0.1559,0.1916,2.5954,0.1559,-37356.119
27,6,16915.9,6373.1,0.0246,0.1487,0.1651,0.1756,2.4655,0.1651,-37070.642
27,7,16908.4,6380.6,0.0254,0.1606,0.1582,0.1873,2.5374,0.1582,-37304.968
27,8,16877.3,6411.7,0.0249,0.1605,0.1555,0.1868,2.6156,0.1555,-37259.972
27,9,16899.5,6389.5,0.0235,0.1613,0.146,0.184,2.5227,0.146,-37171.174
27,10,16936.2,6352.8,0.0241,0.1617,0.1489,0.1849,2.4059,0.1489,-37216.975
27,11,16878,6411,0.0269,0.1645,0.1636,0.1944,2.6394,0.1636,-37447.533
27,12,16886.4,6402.6,0.0256,0.1643,0.1556,0.1911,2.6199,0.1556,-37344.844
27,13,16945.5,6343.5,0.0256,0.1476,0.1733,0.1765,2.3988,0.1733,-37138.608
27,14,16987,6302,0.0257,0.1432,0.1798,0.1726,2.2881,0.1798,-37094.167
27,15,16930.9,6358.1,0.0246,0.1464,0.1678,0.1735,2.4449,0.1678,-37033.56
27,16,16933.8,6355.2,0.0241,0.1545,0.1559,0.179,2.4482,0.1559,-37106.293
27,17,16862.2,6426.8,0.0198,0.126,0.157,0.1473,2.664,0.157,-36359.826
27,18,16867.6,6421.4,0.0199,0.128,0.1557,0.1492,2.6584,0.1557,-36402.959
27,19,16905.7,6383.3,0.0192,0.1255,0.1529,0.145,2.5424,0.1529,-36303.209
27,20,16692.3,6596.7,0.0057,0.0197,0.2913,0.0291,3.3523,0.2913,-32951.408
27,21,16900.7,6388.3,0.0166,0.1157,0.1436,0.1314,2.5136,0.1436,-35938.492
27,22,16908.2,6380.8,0.0182,0.1162,0.1567,0.1352,2.5086,0.1567,-36084.85
27,23,16856.3,6432.7,0.0042,0.0142,0.2946,0.0208,2.7021,0.2946,-32624.055
27,24,16640,6649,0.0048,0.0191,0.2541,0.0267,3.6066,0.2541,-32838.501
27,25,16963,6326,0.0066,0.0235,0.2822,0.0336,2.365,0.2822,-33152.719
27,26,16605.3,6683.7,0.0047,0.0164,0.2852,0.0241,3.7303,0.2852,-32744.217
28,1,16806,6483,0.014,0.086,0.1624,0.102,2.8099,0.1624,-35213.199
28,2,16901.7,6387.3,0.0159,0.0977,0.1627,0.115,2.5239,0.1627,-35590.726
28,3,16840.9,6448.1,0.0172,0.1024,0.1676,0.1223,2.7092,0.1676,-35775.931
28,4,16999.4,6289.6,0.023,0.1148,0.2007,0.1435,2.2381,0.2007,-36450.723
28,5,16833.3,6455.7,0.0182,0.1071,0.1699,0.1285,2.7457,0.1699,-35924.36
28,6,16860.6,6428.4,0.0163,0.0891,0.1827,0.1092,2.603,0.1827,-35475.895
28,7,16876.9,6412.1,0.0176,0.102,0.173,0.1226,2.6005,0.173,-35810.782
28,8,16825,6464,0.0171,0.1049,0.1634,0.1245,2.7517,0.1634,-35811.431
28,9,16827.3,6461.7,0.0163,0.0982,0.1656,0.117,2.7208,0.1656,-35638.312
28,10,16880.3,6408.7,0.0163,0.0993,0.1637,0.1174,2.5417,0.1637,-35656.157
28,11,16840.6,6448.4,0.0188,0.1064,0.177,0.1292,2.7253,0.177,-35967.227
28,12,16798.2,6490.8,0.0183,0.1073,0.1701,0.1292,2.8836,0.1701,-35935.826
28,13,16948,6341,0.0172,0.0903,0.1902,0.1113,2.358,0.1902,-35571.98
28,14,16976.1,6312.9,0.0175,0.0882,0.1986,0.11,2.2863,0.1986,-35560.519
28,15,16897.2,6391.8,0.0163,0.0869,0.1878,0.1071,2.5122,0.1878,-35424.819
28,16,16895.7,6393.3,0.0166,0.0948,0.1754,0.1143,2.5292,0.1754,-35590.894
28,17,16805.6,6483.4,0.0123,0.0661,0.1855,0.0818,2.8183,0.1855,-34683.346
28,18,16797.1,6491.9,0.0117,0.0703,0.1669,0.0842,2.8609,0.1669,-34720.342
28,19,16826.5,6462.5,0.0115,0.067,0.1722,0.0808,2.7649,0.1722,-34631.75
28,20,16890.2,6398.8,0.0171,0.1133,0.1507,0.1305,2.5656,0.1507,-35933.861
28,21,17079.3,6209.7,0.0037,0.0202,0.1843,0.0244,1.9926,0.1843,-32746.824
28,22,17037.8,6251.2,0.0052,0.029,0.1797,0.0348,2.1106,0.1797,-33154.666
28,23,16947,6342,0.0158,0.1115,0.1416,0.1255,2.3793,0.1416,-35799.835
28,24,16919.7,6369.3,0.0168,0.1159,0.145,0.1317,2.4815,0.145,-35955.458
28,25,16944.9,6344.1,0.0179,0.1167,0.1531,0.1344,2.3835,0.1531,-36063.321
28,26,16895.2,6393.8,0.0173,0.1131,0.1525,0.1307,2.5299,0.1525,-35949.683
28,27,16916.8,6372.2,0.0175,0.1124,0.1555,0.1304,2.4701,0.1555,-35953.478
29,1,16885.4,6403.6,0.0208,0.1409,0.1478,0.1615,2.5812,0.1478,-36669.575
29,2,16943.9,6345.1,0.0235,0.1567,0.15,0.1794,2.4295,0.15,-37105.263
29,3,16905.8,6383.2,0.0247,0.1607,0.1538,0.186,2.5349,0.1538,-37248.896
29,4,16996.2,6292.8,0.0301,0.1758,0.1713,0.2084,2.2782,0.1713,-37848.629
29,5,16906.6,6382.4,0.0251,0.1624,0.1546,0.1882,2.5425,0.1546,-37287.033
29,6,16915.7,6373.3,0.0241,0.1479,0.1632,0.174,2.4647,0.1632,-37028.537
29,7,16930,6359,0.025,0.1594,0.1566,0.185,2.4698,0.1566,-37255.964
29,8,16904.6,6384.4,0.0244,0.1588,0.1535,0.1837,2.5276,0.1535,-37193.216
29,9,16905.9,6383.1,0.0234,0.1604,0.1457,0.1828,2.5017,0.1457,-37148.162
29,10,16947.5,6341.5,0.0238,0.1606,0.1482,0.1831,2.3715,0.1482,-37181.398
29,11,16901.1,6387.9,0.0263,0.1621,0.1626,0.1907,2.5639,0.1626,-37376.31
29,12,16899.3,6389.7,0.025,0.1614,0.155,0.1873,2.5775,0.155,-37269.439
29,13,16958.5,6330.5,0.025,0.1463,0.1711,0.174,2.3594,0.1711,-37080.222
29,14,17014.6,6274.4,0.0251,0.1411,0.1781,0.1691,2.2109,0.1781,-37016.555
29,15,16947.1,6341.9,0.0239,0.1462,0.1638,0.1717,2.3957,0.1638,-36985.495
29,16,16941.9,6347.1,0.0241,0.1549,0.1556,0.1793,2.4226,0.1556,-37117.719
29,17,16889.2,6399.8,0.02,0.1265,0.1583,0.1478,2.5755,0.1583,-36389.704
29,18,16881.9,6407.1,0.0196,0.1268,0.1549,0.1473,2.6108,0.1549,-36362.655
29,19,16933.4,6355.6,0.0193,0.1252,0.1543,0.1446,2.456,0.1543,-36311.097
29,20,16724,6565,0.0052,0.0173,0.297,0.0258,3.2176,0.297,-32813.074
29,21,16917.1,6371.9,0.0163,0.1149,0.1416,0.1298,2.4622,0.1416,-35897.986
29,22,16928,6361,0.0176,0.1149,0.1534,0.1325,2.4471,0.1534,-36016.679
29,23,16829.5,6459.5,0.0036,0.0139,0.2597,0.0194,2.7945,0.2597,-32548.478
29,24,16684.5,6604.5,0.0045,0.0164,0.2739,0.0236,3.4013,0.2739,-32717.662
29,25,16927,6362,0.0058,0.023,0.253,0.0315,2.4715,0.253,-33054.795
29,26,16511.8,6777.2,0.0042,0.0156,0.2714,0.0227,4.2505,0.2714,-32667.957
29,27,16767.4,6521.6,0.005,0.0169,0.2986,0.0251,3.0241,0.2986,-32791.89
29,28,16936.4,6352.6,0.0168,0.1118,0.1501,0.1281,2.4098,0.1501,-35885.345
30,1,16819.1,6469.9,0.0146,0.0859,0.1699,0.1032,2.7705,0.1699,-35275.809
30,2,16853.3,6435.7,0.0161,0.0985,0.1636,0.1166,2.686,0.1636,-35628.358
30,3,16838.4,6450.6,0.0177,0.1048,0.1687,0.1255,2.7237,0.1687,-35859.984
30,4,16996.5,6292.5,0.0232,0.1163,0.1996,0.1451,2.2508,0.1996,-36497.214
30,5,16866.3,6422.7,0.0186,0.1039,0.1785,0.1263,2.6411,0.1785,-35904.869
30,6,16844,6445,0.0169,0.0926,0.1826,0.1136,2.6632,0.1826,-35596.398
30,7,16886.1,6402.9,0.018,0.1009,0.1788,0.1224,2.5771,0.1788,-35831.967
30,8,16848.1,6440.9,0.0178,0.1046,0.1698,0.1253,2.6795,0.1698,-35860.296
30,9,16860.8,6428.2,0.0164,0.0988,0.1665,0.1175,2.6154,0.1665,-35669.709
30,10,16914.3,6374.7,0.0164,0.1001,0.1636,0.1179,2.4426,0.1636,-35686.378
30,11,16853,6436,0.0188,0.104,0.1812,0.1271,2.6893,0.1812,-35932.587
30,12,16808.1,6480.9,0.0182,0.1044,0.1742,0.1266,2.8546,0.1742,-35885.853
30,13,16930.5,6358.5,0.0177,0.0892,0.1988,0.1118,2.4145,0.1988,-35605.185
30,14,16994.6,6294.4,0.018,0.0876,0.2058,0.1105,2.24,0.2058,-35598.993
30,15,16871.9,6417.1,0.0166,0.0854,0.1951,0.1067,2.598,0.1951,-35430.577
30,16,16890.3,6398.7,0.0166,0.0927,0.1792,0.1125,2.552,0.1792,-35558.083
30,17,16775.8,6513.2,0.0123,0.0709,0.1737,0.0861,2.9335,0.1737,-34782.559
30,18,16769.7,6519.3,0.0118,0.075,0.1572,0.0884,2.969,0.1572,-34817.704
30,19,16816.4,6472.6,0.0117,0.0691,0.1692,0.083,2.8069,0.1692,-34690.826
30,20,16881.1,6407.9,0.0179,0.115,0.1558,0.1339,2.6007,0.1558,-36033.671
30,21,16867.4,6421.6,0.0043,0.0227,0.1885,0.0281,2.5877,0.1885,-32890.569
30,22,16896.4,6392.6,0.0058,0.0286,0.2041,0.0362,2.5147,0.2041,-33212.834
30,23,16930.6,6358.4,0.0166,0.1138,0.1461,0.1295,2.4329,0.1461,-35914.172
30,24,16901.8,6387.2,0.0174,0.1174,0.1484,0.1345,2.5429,0.1484,-36033.546
30,25,16908.7,6380.3,0.0176,0.117,0.1501,0.1344,2.4979,0.1501,-36043.373
30,26,16877.6,6411.4,0.0176,0.1147,0.1538,0.133,2.5915,0.1538,-36010.004
30,27,16891.3,6397.7,0.0181,0.1149,0.1578,0.1342,2.5547,0.1578,-36049.184
30,28,16829.3,6459.7,0.005,0.0247,0.2032,0.0314,2.72,0.2032,-33026.79
30,29,16899.2,6389.8,0.0171,0.1124,0.1522,0.1298,2.5289,0.1522,-35928.837
31,1,16880.5,6408.5,0.0124,0.0679,0.1826,0.083,2.5828,0.1826,-34741.429
31,2,16914.6,6374.4,0.0149,0.0846,0.1765,0.1021,2.5049,0.1765,-35282.422
31,3,16809.9,6479.1,0.0152,0.091,0.1674,0.109,2.8409,0.1674,-35415.776
31,4,17013.8,6275.2,0.0216,0.1,0.2158,0.1282,2.218,0.2158,-36098.618
31,5,16868.9,6420.1,0.0169,0.0906,0.1862,0.1116,2.6491,0.1862,-35535.972
31,6,16849.5,6439.5,0.0143,0.076,0.1888,0.0941,2.6619,0.1888,-35070.584
31,7,16888.1,6400.9,0.0168,0.0879,0.1915,0.1092,2.5871,0.1915,-35502.815
31,8,16847.7,6441.3,0.0161,0.0923,0.1749,0.1116,2.6979,0.1749,-35518.431
31,9,16884.7,6404.3,0.0151,0.0904,0.1666,0.1073,2.5552,0.1666,-35408.931
31,10,16953.9,6335.1,0.0152,0.0917,0.1661,0.1081,2.3418,0.1661,-35441.036
31,11,16866.3,6422.7,0.0176,0.0909,0.1932,0.1133,2.6618,0.1932,-35601.791
31,12,16817,6472,0.016,0.0905,0.1769,0.1101,2.8404,0.1769,-35465.138
31,13,16970.7,6318.3,0.0157,0.0763,0.2054,0.0963,2.3133,0.2054,-35191.046
31,14,17044,6245,0.0158,0.0767,0.2056,0.0963,2.1235,0.2056,-35207.126
31,15,16946.9,6342.1,0.0147,0.0712,0.2067,0.0903,2.3836,0.2067,-34999.933
31,16,16927.2,6361.8,0.0142,0.0762,0.1866,0.0934,2.4543,0.1866,-35053.836
31,17,16738.2,6550.8,0.0087,0.0437,0.2,0.0558,3.0966,0.2,-33873.821
31,18,16779,6510,0.009,0.0497,0.1809,0.0611,2.9527,0.1809,-34033.375
31,19,16803.1,6485.9,0.0091,0.0458,0.1986,0.058,2.872,0.1986,-33950.295
31,20,16902.1,6386.9,0.0215,0.132,0.1628,0.1554,2.5495,0.1628,-36591.014
31,21,16768.7,6520.3,0.0124,0.0713,0.1742,0.0867,2.9471,0.1742,-34805.397
31,22,16807,6482,0.0138,0.0757,0.1821,0.093,2.8291,0.1821,-35011.751
31,23,16949.6,6339.4,0.0198,0.1295,0.153,0.149,2.3919,0.153,-36422.666
31,24,16926.5,6362.5,0.0206,0.1328,0.1552,0.1538,2.4817,0.1552,-36535.537
31,25,16930,6359,0.0218,0.1336,0.163,0.1569,2.4484,0.163,-36643.448
31,26,16890.1,6398.9,0.0212,0.1305,0.1623,0.1537,2.5675,0.1623,-36546.97
31,27,16896.2,6392.8,0.0211,0.1309,0.1616,0.1538,2.5554,0.1616,-36542.328
31,28,16815.5,6473.5,0.0135,0.0713,0.1889,0.0886,2.7849,0.1889,-34890.487
31,29,16905.9,6383.1,0.0208,0.1293,0.1609,0.1516,2.5238,0.1609,-36495.451
31,30,16804.3,6484.7,0.013,0.0679,0.1915,0.0848,2.8309,0.1915,-34789.668
32,1,16877,6412,0.0262,0.1789,0.1464,0.2047,2.6034,0.1464,-37575.798
32,2,16922.7,6366.3,0.0279,0.1937,0.1442,0.2197,2.4891,0.1442,-37892.136
32,3,16894.9,6394.1,0.0299,0.1927,0.1551,0.2237,2.5645,0.1551,-38014.306
32,4,17000,6289,0.0355,0.2159,0.1643,0.2526,2.2616,0.1643,-38695.406
32,5,16896.3,6392.7,0.0302,0.1973,0.1533,0.2283,2.5705,0.1533,-38079.48
32,6,16903.4,6385.6,0.0286,0.1852,0.1545,0.2146,2.4973,0.1545,-37846.197
32,7,16916,6373,0.0294,0.1966,0.1496,0.2255,2.5077,0.1496,-38035.21
32,8,16889.6,6399.4,0.0293,0.1942,0.1509,0.2239,2.5703,0.1509,-37989.577
32,9,16913,6376,0.0286,0.2001,0.1432,0.2267,2.4747,0.1432,-38031.002
32,10,16937.3,6351.7,0.0284,0.1995,0.1423,0.2252,2.3959,0.1423,-38007.693
32,11,16887.9,6401.1,0.0312,0.1957,0.1592,0.2291,2.6017,0.1592,-38129.363
32,12,16893.5,6395.5,0.0303,0.1975,0.1534,0.2287,2.5913,0.1534,-38091.089
32,13,16950.3,6338.7,0.0298,0.186,0.1603,0.217,2.3777,0.1603,-37944.834
32,14,16983.3,6305.7,0.0299,0.1814,0.1647,0.2126,2.2911,0.1647,-37895.557
32,15,16940.4,6348.6,0.0288,0.1817,0.1584,0.2114,2.4099,0.1584,-37802.947
32,16,16930.6,6358.4,0.0286,0.1902,0.1504,0.2182,2.4511,0.1504,-37891.238
32,17,16870.5,6418.5,0.0248,0.1622,0.1529,0.1881,2.6313,0.1529,-37255.609
32,18,16879.5,6409.5,0.0244,0.1649,0.1483,0.1893,2.614,0.1483,-37262.251
32,19,16917.4,6371.6,0.0246,0.1628,0.1509,0.1872,2.5,0.1509,-37240.528
32,20,16849.2,6439.8,0.02,0.1344,0.1491,0.155,2.7371,0.1491,-36497.377
32,21,16871.6,6417.4,0.0215,0.1512,0.1422,0.1718,2.6006,0.1422,-36850.18
32,22,16905.4,6383.6,0.0228,0.1523,0.1495,0.1749,2.5113,0.1495,-36975.899
32,23,16874.8,6414.2,0.0186,0.1339,0.1393,0.1511,2.6354,0.1393,-36380.231
32,24,16854.6,6434.4,0.0198,0.1367,0.1447,0.1562,2.7274,0.1447,-36512.416
32,25,16871.1,6417.9,0.0212,0.1396,0.1516,0.1614,2.6446,0.1516,-36664.541
32,26,16835.5,6453.5,0.0196,0.1351,0.1453,0.1549,2.7619,0.1453,-36476.621
32,27,16846,6443,0.0202,0.1356,0.1487,0.1563,2.733,0.1487,-36522.959
32,28,16908.2,6380.8,0.0228,0.1477,0.1541,0.171,2.4906,0.1541,-36902.901
32,29,16855.9,6433.1,0.02,0.1346,0.1483,0.1549,2.6985,0.1483,-36493.272
32,30,16883.6,6405.4,0.0232,0.1501,0.1543,0.1742,2.5736,0.1543,-36969.525
32,31,16899.8,6389.2,0.0266,0.167,0.1594,0.1954,2.5382,0.1594,-37454.425
33,1,16899.1,6389.9,0.0199,0.1414,0.1407,0.1597,2.5445,0.1407,-36606.879
33,2,16949,6340,0.0224,0.1561,0.1433,0.1764,2.421,0.1433,-37011.729
33,3,16900.8,6388.2,0.0233,0.1609,0.1447,0.1831,2.5579,0.1447,-37140.519
33,4,17014.1,6274.9,0.0293,0.1759,0.1665,0.2063,2.235,0.1665,-37793.031
33,5,16924.6,6364.4,0.0242,0.163,0.1483,0.1864,2.4931,0.1483,-37230.201
33,6,16924.3,6364.7,0.023,0.1477,0.156,0.1713,2.4458,0.156,-36946.143
33,7,16934,6355,0.0237,0.1596,0.1483,0.1823,2.4644,0.1483,-37165.256
33,8,16905.5,6383.5,0.0231,0.1596,0.1446,0.1815,2.5318,0.1446,-37111.134
33,9,16913.3,6375.7,0.0221,0.1602,0.1377,0.1797,2.4861,0.1377,-37047.24
33,10,16951.2,6337.8,0.0224,0.1603,0.1399,0.1798,2.3675,0.1399,-37075.812
33,11,16911.3,6377.7,0.0253,0.1623,0.1557,0.1884,2.5385,0.1557,-37304.07
33,12,16914.1,6374.9,0.0243,0.1631,0.1487,0.1868,2.5375,0.1487,-37237.918
33,13,16963.7,6325.3,0.0235,0.1456,0.1611,0.1699,2.3514,0.1611,-36951.201
33,14,17009.4,6279.6,0.0238,0.1409,0.1692,0.1662,2.2315,0.1692,-36919.736
33,15,16957.9,6331.1,0.0229,0.1454,0.1574,0.1686,2.3705,0.1574,-36898.773
33,16,16956.4,6332.6,0.023,0.1547,0.1489,0.1765,2.3867,0.1489,-37038.458
33,17,16901.5,6387.5,0.0188,0.1273,0.148,0.1458,2.5433,0.148,-36311.654
33,18,16894.9,6394.1,0.0186,0.1268,0.1465,0.1449,2.5761,0.1465,-36282.348
33,19,16962.1,6326.9,0.0186,0.125,0.149,0.1425,2.3772,0.149,-36255.072
33,20,16815.2,6473.8,0.0047,0.0166,0.2848,0.024,2.8686,0.2848,-32748.853
33,21,16917.3,6371.7,0.0149,0.1151,0.1292,0.1269,2.4682,0.1292,-35786.777
33,22,16918.9,6370.1,0.0165,0.1151,0.1431,0.1303,2.4815,0.1431,-35927.73
33,23,17000.4,6288.6,0.0032,0.0136,0.2333,0.018,2.2656,0.2333,-32490.148
33,24,16885.7,6403.3,0.0038,0.0131,0.2895,0.0191,2.6338,0.2895,-32542.729
33,25,17138.3,6150.7,0.0051,0.0189,0.2708,0.0263,1.9131,0.2708,-32862.151
33,26,16592,6697,0.0036,0.0118,0.3018,0.0179,3.8104,0.3018,-32477.524
33,27,16953.7,6335.3,0.0045,0.0167,0.2687,0.0234,2.4002,0.2687,-32728.794
33,28,16931.4,6357.6,0.0157,0.1121,0.1404,0.1262,2.4315,0.1404,-35809.727
33,29,16854.2,6434.8,0.0032,0.0122,0.2636,0.0171,2.7156,0.2636,-32448.08
33,30,16928.8,6360.2,0.0166,0.114,0.1455,0.1295,2.4446,0.1455,-35911.961
33,31,16938.9,6350.1,0.0203,0.131,0.1547,0.1514,2.4297,0.1547,-36484.711
33,32,16876.4,6412.6,0.019,0.1353,0.1405,0.1531,2.6366,0.1405,-36431.286
34,1,16800.9,6488.1,0.0138,0.0825,0.1672,0.0988,2.8193,0.1672,-35143.556
34,2,16848.1,6440.9,0.0155,0.0951,0.1633,0.1127,2.6893,0.1633,-35526.654
34,3,16825.9,6463.1,0.0174,0.105,0.1656,0.1251,2.7521,0.1656,-35844.762
34,4,16999.9,6289.1,0.0233,0.1146,0.2036,0.1439,2.2303,0.2036,-36485.384
34,5,16839.8,6449.2,0.0182,0.1049,0.1741,0.1267,2.7155,0.1741,-35897.611
34,6,16840.7,6448.3,0.0166,0.0931,0.1778,0.1133,2.6602,0.1778,-35575.716
34,7,16876.5,6412.5,0.0175,0.0982,0.178,0.1191,2.5941,0.178,-35741.409
34,8,16826.5,6462.5,0.017,0.1033,0.1641,0.1227,2.7383,0.1641,-35777.538
34,9,16861,6428,0.0167,0.0968,0.1731,0.1165,2.6012,0.1731,-35664.349
34,10,16915,6374,0.0168,0.0986,0.1703,0.1176,2.428,0.1703,-35699.729
34,11,16850.9,6438.1,0.0189,0.1046,0.1809,0.1279,2.6825,0.1809,-35953.128
34,12,16824,6465,0.0185,0.1052,0.1757,0.1277,2.7828,0.1757,-35930.977
34,13,16945.6,6343.4,0.0171,0.0876,0.1957,0.109,2.3581,0.1957,-35528.846
34,14,16978.8,6310.2,0.0172,0.0849,0.2028,0.1067,2.2722,0.2028,-35485.922
34,15,16884.7,6404.3,0.0163,0.0851,0.1916,0.1056,2.5441,0.1916,-35398.961
34,16,16878.4,6410.6,0.0164,0.0922,0.178,0.1118,2.5765,0.178,-35536.297
34,17,16744.1,6544.9,0.0118,0.0681,0.1736,0.0829,3.0377,0.1736,-34689.119
34,18,16734.6,6554.4,0.0114,0.0706,0.1619,0.0842,3.0881,0.1619,-34703.932
34,19,16806.3,6482.7,0.0113,0.0652,0.1736,0.0789,2.8276,0.1736,-34582.568
34,20,16847.8,6441.2,0.0173,0.1122,0.1541,0.1306,2.6973,0.1541,-35946.395
34,21,16867,6422,0.0041,0.0245,0.1692,0.0292,2.5759,0.1692,-32925.164
34,22,17140.6,6148.4,0.0049,0.0197,0.2495,0.0264,1.8574,0.2495,-32873.534
34,23,16909.5,6379.5,0.0157,0.1111,0.1412,0.1254,2.4847,0.1412,-35798.745
34,24,16880.6,6408.4,0.017,0.1146,0.148,0.1315,2.5976,0.148,-35962.344
34,25,16913.9,6375.1,0.0181,0.1165,0.1554,0.1351,2.4693,0.1554,-36092.471
34,26,16856.6,6432.4,0.0174,0.112,0.155,0.1305,2.6467,0.155,-35955.343
34,27,16872.5,6416.5,0.0177,0.1119,0.1578,0.1308,2.6016,0.1578,-35971.489
34,28,17105.3,6183.7,0.0045,0.0199,0.2266,0.0258,1.9294,0.2266,-32835.873
34,29,16898.1,6390.9,0.0171,0.111,0.1536,0.1285,2.5195,0.1536,-35910.359
34,30,16892.7,6396.3,0.0057,0.021,0.2703,0.0297,2.5066,0.2703,-33001.347
34,31,16816.5,6472.5,0.0136,0.0699,0.1942,0.0876,2.7734,0.1942,-34885.104
34,32,16873.1,6415.9,0.0223,0.1456,0.1529,0.1687,2.5946,0.1529,-36839.685
34,33,16900.8,6388.2,0.016,0.1114,0.1436,0.1266,2.5178,0.1436,-35835.204
35,1,16882.1,6406.9,0.0201,0.1446,0.1393,0.1631,2.5814,0.1393,-36671.051
35,2,16951.9,6337.1,0.0231,0.1594,0.1449,0.1806,2.3965,0.1449,-37111.545
35,3,16910.3,6378.7,0.0243,0.1629,0.1491,0.1867,2.5109,0.1491,-37244.971
35,4,17009.8,6279.2,0.0295,0.178,0.1658,0.2086,2.2318,0.1658,-37831.833
35,5,16925,6364,0.0245,0.165,0.1486,0.1887,2.4753,0.1486,-37278.738
35,6,16933.6,6355.4,0.0236,0.1522,0.1548,0.176,2.4018,0.1548,-37044.417
35,7,16938.8,6350.2,0.0244,0.1626,0.15,0.1863,2.4335,0.15,-37257.463
35,8,16919.6,6369.4,0.0238,0.1608,0.148,0.1838,2.4713,0.148,-37180.595
35,9,16927.2,6361.8,0.0227,0.1634,0.1386,0.1833,2.4273,0.1386,-37136.135
35,10,16962.8,6326.2,0.0231,0.1635,0.1412,0.1836,2.3186,0.1412,-37167.117
35,11,16912.5,6376.5,0.0258,0.1661,0.1551,0.1925,2.5175,0.1551,-37387.131
35,12,16920.5,6368.5,0.025,0.1657,0.1508,0.1904,2.5002,0.1508,-37325.863
35,13,16977.1,6311.9,0.0243,0.1498,0.1624,0.175,2.2973,0.1624,-37076.217
35,14,17016.7,6272.3,0.0245,0.1447,0.1692,0.1706,2.1972,0.1692,-37021.575
35,15,16966.5,6322.5,0.0234,0.1498,0.1565,0.1732,2.3303,0.1565,-36998.882
35,16,16964.3,6324.7,0.0235,0.1584,0.1484,0.1804,2.3477,0.1484,-37120.937
35,17,16900.3,6388.7,0.0194,0.1285,0.1513,0.1481,2.5303,0.1513,-36375.669
35,18,16904.7,6384.3,0.019,0.1308,0.1456,0.149,2.5279,0.1456,-36377.438
35,19,16939.5,6349.5,0.0189,0.1286,0.1467,0.1464,2.428,0.1467,-36329.617
35,20,16771.8,6517.2,0.0045,0.0187,0.2422,0.0254,3.0112,0.2422,-32785.916
35,21,16931.1,6357.9,0.0158,0.1177,0.1339,0.1308,2.4108,0.1339,-35896.544
35,22,16945.1,6343.9,0.0171,0.1172,0.1459,0.1331,2.3868,0.1459,-36010.146
35,23,16983.7,6305.3,0.0025,0.0148,0.1681,0.0175,2.2976,0.1681,-32446.431
35,24,16909.7,6379.3,0.0038,0.0173,0.2176,0.0224,2.5391,0.2176,-32663.08
35,25,17150.3,6138.7,0.0055,0.0236,0.2318,0.0308,1.873,0.2318,-33028.479
35,26,16732.7,6556.3,0.0037,0.0158,0.2335,0.0213,3.1395,0.2335,-32610.934
35,27,16876.7,6412.3,0.0045,0.0184,0.2465,0.025,2.623,0.2465,-32783.573
35,28,16951.3,6337.7,0.0165,0.1145,0.1442,0.1295,2.3571,0.1442,-35905.937
35,29,16932.7,6356.3,0.0041,0.0156,0.2598,0.0217,2.446,0.2598,-32648.813
35,30,16936.7,6352.3,0.0172,0.1172,0.147,0.1335,2.4048,0.147,-36014.648
35,31,16932.2,6356.8,0.0208,0.1333,0.1562,0.1545,2.4336,0.1562,-36559.317
35,32,16878.9,6410.1,0.0192,0.1377,0.1398,0.1555,2.6108,0.1398,-36485.411
35,33,17012,6277,0.0035,0.0143,0.2471,0.0193,2.2245,0.2471,-32545.009
35,34,16916.5,6372.5,0.0165,0.1144,0.1445,0.13,2.4533,0.1445,-35922.902
36,1,16892.7,6396.3,0.0263,0.1806,0.1458,0.2061,2.5612,0.1458,-37617.772
36,2,16941.3,6347.7,0.0276,0.1943,0.142,0.2191,2.44,0.142,-37886.017
36,3,16904.7,6384.3,0.0293,0.1955,0.1498,0.2246,2.5417,0.1498,-38011.957
36,4,16998.8,6290.2,0.0346,0.2142,0.1613,0.2492,2.2722,0.1613,-38613.866
36,5,16911.7,6377.3,0.0301,0.2003,0.1503,0.2301,2.5297,0.1503,-38114.413
36,6,16917.9,6371.1,0.0287,0.1873,0.1532,0.2162,2.4604,0.1532,-37884.196
36,7,16926,6363,0.0295,0.1986,0.1484,0.227,2.4845,0.1484,-38071.598
36,8,16902.8,6386.2,0.0292,0.1964,0.1484,0.2251,2.5363,0.1484,-38016.702
36,9,16921.4,6367.6,0.0281,0.2002,0.1405,0.2255,2.4566,0.1405,-37999.591
36,10,16950.3,6338.7,0.0279,0.2,0.1393,0.2241,2.3649,0.1393,-37979.153
36,11,16905.2,6383.8,0.0306,0.199,0.1538,0.2303,2.5543,0.1538,-38139.362
36,12,16893.4,6395.6,0.0294,0.1977,0.1487,0.2269,2.6001,0.1487,-38035.231
36,13,16960.7,6328.3,0.0297,0.1886,0.1577,0.2187,2.3546,0.1577,-37978.305
36,14,16993.3,6295.7,0.0297,0.1843,0.1613,0.2146,2.2705,0.1613,-37929.329
36,15,16956.8,6332.2,0.0285,0.1841,0.1549,0.2124,2.3692,0.1549,-37818.741
36,16,16948.4,6340.6,0.0283,0.1908,0.1485,0.2176,2.4052,0.1485,-37886.114
36,17,16886.1,6402.9,0.025,0.165,0.1518,0.1905,2.5887,0.1518,-37320.934
36,18,16898.1,6390.9,0.0242,0.1679,0.1443,0.191,2.5622,0.1443,-37295.845
36,19,16926.6,6362.4,0.0235,0.162,0.1452,0.184,2.4795,0.1452,-37153.324
36,20,16843.4,6445.6,0.0202,0.1338,0.1511,0.155,2.7665,0.1511,-36499.191
36,21,16899.5,6389.5,0.0216,0.1539,0.1404,0.1736,2.5193,0.1404,-36903.764
36,22,16920.7,6368.3,0.0222,0.153,0.145,0.1739,2.4718,0.145,-36946.903
36,23,16865.5,6423.5,0.0188,0.1327,0.1414,0.1506,2.6753,0.1414,-36369.762
36,24,16851,6438,0.0196,0.1359,0.1445,0.1554,2.7489,0.1445,-36486.188
36,25,16856.7,6432.3,0.0206,0.138,0.149,0.159,2.7021,0.149,-36592.869
36,26,16829.6,6459.4,0.0198,0.1345,0.1473,0.1548,2.792,0.1473,-36476.973
36,27,16841.9,6447.1,0.0202,0.1356,0.1488,0.1563,2.7561,0.1488,-36522.187
36,28,16928.5,6360.5,0.0223,0.1497,0.1487,0.1712,2.4362,0.1487,-36896.912
36,29,16840.9,6448.1,0.0193,0.1333,0.1447,0.1526,2.7596,0.1447,-36420.336
36,30,16894.8,6394.2,0.022,0.1494,0.1473,0.1709,2.5461,0.1473,-36875.359
36,31,16906.4,6382.6,0.0255,0.1667,0.153,0.1926,2.5253,0.153,-37377.397
36,32,17162.5,6126.5,0.0043,0.0183,0.2365,0.024,1.8445,0.2365,-32751.807
36,33,16874.9,6414.1,0.0192,0.1339,0.1432,0.1523,2.6504,0.1432,-36421.159
36,34,16898,6391,0.0222,0.1471,0.1508,0.1693,2.5229,0.1508,-36863.918
36,35,16860.7,6428.3,0.0195,0.1361,0.1433,0.1551,2.68,0.1433,-36481.078
37,1,16779.7,6509.3,0.0145,0.0911,0.1595,0.1077,2.8718,0.1595,-35359.167
37,2,16821.4,6467.6,0.0165,0.1045,0.1579,0.1229,2.7573,0.1579,-35767.855
37,3,16811.5,6477.5,0.0177,0.1083,0.1636,0.1288,2.7794,0.1636,-35925.768
37,4,16963,6326,0.0235,0.1209,0.1943,0.1499,2.315,0.1943,-36592.23
37,5,16826.6,6462.4,0.0187,0.1112,0.1684,0.1332,2.7379,0.1684,-36040.587
37,6,16854.7,6434.3,0.017,0.0983,0.1729,0.1184,2.5944,0.1729,-35704.911
37,7,16853.2,6435.8,0.0179,0.107,0.1677,0.1276,2.6491,0.1677,-35925.08
37,8,16812.4,6476.6,0.0178,0.1105,0.161,0.1308,2.7644,0.161,-35965.57
37,9,16816.6,6472.4,0.0168,0.1044,0.1604,0.1233,2.7274,0.1604,-35788.53
37,10,16856.9,6432.1,0.0166,0.105,0.1583,0.1231,2.5885,0.1583,-35788.301
37,11,16824.3,6464.7,0.0194,0.1105,0.1753,0.134,2.7498,0.1753,-36081.746
37,12,16795.8,6493.2,0.0186,0.1119,0.1662,0.1338,2.8596,0.1662,-36045.391
37,13,16926,6363,0.018,0.0966,0.1868,0.1185,2.3972,0.1868,-35756.576
37,14,16954.2,6334.8,0.018,0.0948,0.1899,0.1167,2.3232,0.1899,-35726.701
37,15,16867.7,6421.3,0.0171,0.0934,0.1836,0.1145,2.5773,0.1836,-35615.299
37,16,16871.3,6417.7,0.0172,0.1021,0.1684,0.1217,2.5788,0.1684,-35771.145
37,17,16736,6553,0.0125,0.0716,0.1743,0.0874,3.0432,0.1743,-34822.158
37,18,16734.5,6554.5,0.0122,0.0755,0.1618,0.09,3.0619,0.1618,-34866.217
37,19,16776.1,6512.9,0.0124,0.0736,0.1688,0.0886,2.9123,0.1688,-34845.314
37,20,16822.7,6466.3,0.0176,0.1169,0.1509,0.1356,2.7592,0.1509,-36048.369
37,21,17009.1,6279.9,0.0051,0.0382,0.1328,0.042,2.1472,0.1328,-33364.452
37,22,17141.4,6147.6,0.0053,0.0313,0.1705,0.0365,1.8418,0.1705,-33225.073
37,23,16877.7,6411.3,0.0163,0.1151,0.1415,0.1305,2.5627,0.1415,-35911.975
37,24,16844.1,6444.9,0.0172,0.1189,0.1447,0.136,2.6951,0.1447,-36046.61
37,25,16899.4,6389.6,0.0183,0.1216,0.1506,0.1399,2.4931,0.1506,-36185.807
37,26,16823.8,6465.2,0.0178,0.1163,0.1529,0.1354,2.7336,0.1529,-36051.996
37,27,16837.1,6451.9,0.018,0.1155,0.1561,0.135,2.6958,0.1561,-36056.241
37,28,17033,6256,0.0051,0.0325,0.1559,0.0373,2.0903,0.1559,-33226.662
37,29,16864.6,6424.4,0.0174,0.1154,0.1509,0.1333,2.6042,0.1509,-36007.936
37,30,16921.9,6367.1,0.0065,0.0377,0.1713,0.045,2.3988,0.1713,-33507.481
37,31,16746.9,6542.1,0.014,0.0756,0.1855,0.094,3.003,0.1855,-35030.994
37,32,16864.9,6424.1,0.0228,0.1533,0.1487,0.1764,2.5986,0.1487,-36991.914
37,33,16866.3,6422.7,0.0163,0.1162,0.1403,0.1316,2.6058,0.1403,-35933.772
37,34,16991.2,6297.8,0.0055,0.0302,0.1832,0.0366,2.193,0.1832,-33225.668
37,35,16873.6,6415.4,0.0169,0.1188,0.1423,0.1349,2.5651,0.1423,-36021.464
37,36,16878.1,6410.9,0.0225,0.1556,0.1444,0.1774,2.5639,0.1444,-37005.972
38,1,16858.1,6430.9,0.0203,0.1385,0.1466,0.1588,2.6861,0.1466,-36589.966
38,2,16919.1,6369.9,0.0233,0.1543,0.151,0.1774,2.52,0.151,-37052.788
38,3,16891.6,6397.4,0.0244,0.1565,0.1562,0.1822,2.5954,0.1562,-37167.675
38,4,16992,6297,0.0296,0.1729,0.1709,0.205,2.3038,0.1709,-37770.163
38,5,16889,6400,0.0248,0.1603,0.1549,0.1862,2.6145,0.1549,-37232.273
38,6,16902.1,6386.9,0.0239,0.145,0.1645,0.1712,2.5214,0.1645,-36961.344
38,7,16908.2,6380.8,0.0244,0.1568,0.1559,0.1821,2.5525,0.1559,-37177.341
38,8,16886.3,6402.7,0.0241,0.1567,0.1538,0.1816,2.6011,0.1538,-37142.104
38,9,16898.6,6390.4,0.0228,0.1576,0.1449,0.1794,2.5394,0.1449,-37067.209
38,10,16934.2,6354.8,0.0234,0.1584,0.1476,0.1806,2.4248,0.1476,-37118.472
38,11,16884.4,6404.6,0.0261,0.1598,0.1631,0.1885,2.6337,0.1631,-37323.463
38,12,16890.8,6398.2,0.0253,0.1612,0.1567,0.1879,2.6209,0.1567,-37280.554
38,13,16944.3,6344.7,0.0247,0.1436,0.1723,0.1714,2.4152,0.1723,-37016.14
38,14,16990.6,6298.4,0.0249,0.1385,0.1799,0.1669,2.29,0.1799,-36963.073
38,15,16921,6368,0.0237,0.1425,0.1665,0.1687,2.4888,0.1665,-36914.095
38,16,16918.6,6370.4,0.0237,0.1519,0.1561,0.1763,2.5082,0.1561,-37042.722
38,17,16861.6,6427.4,0.0197,0.1238,0.1595,0.1454,2.6816,0.1595,-36322.812
38,18,16851.7,6437.3,0.0194,0.1244,0.1558,0.1452,2.7275,0.1558,-36301.788
38,19,16907.1,6381.9,0.019,0.1223,0.1556,0.142,2.5525,0.1556,-36242.05
38,20,16756.2,6532.8,0.005,0.0178,0.281,0.0258,3.1053,0.281,-32814.029
38,21,16876.1,6412.9,0.0161,0.1132,0.142,0.1284,2.6058,0.142,-35851.702
38,22,16896.6,6392.4,0.0175,0.1139,0.1539,0.1319,2.5593,0.1539,-35991.073
38,23,16833.4,6455.6,0.0032,0.0126,0.2577,0.0175,2.7979,0.2577,-32463.568
38,24,16660.2,6628.8,0.0044,0.0145,0.3019,0.0217,3.5355,0.3019,-32645.457
38,25,16982.1,6306.9,0.006,0.0199,0.2998,0.0293,2.3229,0.2998,-32983.555
38,26,16621.8,6667.2,0.0044,0.015,0.2959,0.0224,3.6742,0.2959,-32670.66
38,27,16760.6,6528.4,0.0049,0.0146,0.339,0.0229,3.0694,0.339,-32708.909
38,28,16908.1,6380.9,0.0168,0.1109,0.1515,0.1278,2.5105,0.1515,-35873.661
38,29,16841.6,6447.4,0.0047,0.0159,0.2952,0.0234,2.769,0.2952,-32720.084
38,30,16875.9,6413.1,0.0174,0.1118,0.156,0.1303,2.6189,0.156,-35944.437
38,31,16897.1,6391.9,0.0209,0.1284,0.1626,0.1511,2.5669,0.1626,-36484.633
38,32,16859.5,6429.5,0.0196,0.1337,0.1466,0.1533,2.703,0.1466,-36449.601
38,33,16980.7,6308.3,0.0043,0.0134,0.3185,0.0202,2.3349,0.3185,-32600.353
38,34,16867.7,6421.3,0.017,0.1097,0.1547,0.1276,2.6321,0.1547,-35881.383
38,35,17001.6,6287.4,0.0043,0.0181,0.2361,0.024,2.2605,0.2361,-32739.988
38,36,16848,6441,0.0197,0.1329,0.1484,0.1531,2.752,0.1484,-36444.987
38,37,16830.5,6458.5,0.0173,0.1147,0.1511,0.133,2.7333,0.1511,-35988.356
39,1,16868.4,6420.6,0.0199,0.1412,0.1408,0.1599,2.6377,0.1408,-36604.263
39,2,16935,6354,0.0227,0.1564,0.1453,0.1776,2.4576,0.1453,-37044.047
39,3,16902.2,6386.8,0.0239,0.1595,0.1498,0.1833,2.5475,0.1498,-37171.688
39,4,16987.8,6301.2,0.0293,0.1761,0.1663,0.207,2.3028,0.1663,-37797.299
39,5,16903.5,6385.5,0.0243,0.1624,0.1495,0.1864,2.5537,0.1495,-37228.149
39,6,16914.7,6374.3,0.0233,0.1476,0.158,0.1719,2.4691,0.158,-36965.685
39,7,16925.3,6363.7,0.0241,0.1597,0.1511,0.1835,2.4854,0.1511,-37200.618
39,8,16896.6,6392.4,0.0234,0.159,0.1473,0.1819,2.554,0.1473,-37130.127
39,9,16896.5,6392.5,0.0224,0.161,0.1392,0.1814,2.5325,0.1392,-37088.26
39,10,16938.7,6350.3,0.0228,0.1612,0.1417,0.1817,2.3986,0.1417,-37122.237
39,11,16896.3,6392.7,0.0253,0.1624,0.1555,0.1887,2.5803,0.1555,-37304.526
39,12,16905.5,6383.5,0.0246,0.1625,0.1514,0.1872,2.559,0.1514,-37257.826
39,13,16959,6330,0.0242,0.1458,0.1659,0.1718,2.3594,0.1659,-37015.604
39,14,17003,6286,0.0244,0.1412,0.1725,0.1677,2.2434,0.1725,-36966.544
39,15,16938.5,6350.5,0.0232,0.1456,0.1592,0.1697,2.4222,0.1592,-36925.537
39,16,16937.2,6351.8,0.0233,0.1541,0.151,0.1768,2.4381,0.151,-37048.639
39,17,16880,6409,0.0192,0.126,0.1523,0.1457,2.6062,0.1523,-36320.918
39,18,16873.4,6415.6,0.0188,0.1261,0.1491,0.1451,2.6399,0.1491,-36289.698
39,19,16923.6,6365.4,0.0185,0.1249,0.148,0.1427,2.4871,0.148,-36246.108
39,20,16705.2,6583.8,0.0045,0.0144,0.3119,0.0219,3.2988,0.3119,-32659.058
39,21,16907.4,6381.6,0.0153,0.115,0.1333,0.1279,2.4931,0.1333,-35826.539
39,22,16905.2,6383.8,0.0169,0.1158,0.1456,0.132,2.5182,0.1456,-35975.492
39,23,16820.1,6468.9,0.0027,0.0122,0.2212,0.0161,2.8291,0.2212,-32397.825
39,24,16799.7,6489.3,0.0037,0.0145,0.2541,0.02,2.9299,0.2541,-32574.807
39,25,17123.7,6165.3,0.0049,0.0194,0.2495,0.0261,1.9426,0.2495,-32853.889
39,26,16562.2,6726.8,0.0031,0.0105,0.2934,0.0156,3.962,0.2934,-32377.488
39,27,16800.1,6488.9,0.0046,0.0166,0.2786,0.0239,2.9017,0.2786,-32749.806
39,28,16925.6,6363.4,0.0161,0.1121,0.1434,0.1269,2.4434,0.1434,-35838.314
39,29,16723,6566,0.004,0.0129,0.3056,0.0195,3.2047,0.3056,-32557.925
39,30,16905.9,6383.1,0.0168,0.1144,0.147,0.1307,2.5092,0.147,-35941.309
39,31,16914.5,6374.5,0.0203,0.1306,0.1556,0.1515,2.4983,0.1556,-36482.255
39,32,16862.7,6426.3,0.019,0.1333,0.1424,0.1516,2.6768,0.1424,-36402.187
39,33,17001.4,6287.6,0.0034,0.011,0.306,0.0163,2.2632,0.306,-32430.729
39,34,16884.3,6404.7,0.0164,0.1116,0.1465,0.1276,2.5641,0.1465,-35868.882
39,35,16929.8,6359.2,0.0034,0.0143,0.2382,0.0191,2.4558,0.2382,-32533.098
39,36,16858.6,6430.4,0.0189,0.1323,0.1429,0.1507,2.6995,0.1429,-36377.334
39,37,16845,6444,0.0167,0.1168,0.1431,0.1332,2.6699,0.1431,-35978.48
39,38,16763.9,6525.1,0.0038,0.0134,0.284,0.0195,3.0585,0.284,-32557.805
40,1,16803.4,6485.6,0.0134,0.0852,0.1569,0.1001,2.8135,0.1569,-35158.159
40,2,16880.9,6408.1,0.0154,0.0975,0.1584,0.1141,2.5847,0.1584,-35556.328
40,3,16819.7,6469.3,0.0171,0.1071,0.1592,0.1262,2.7766,0.1592,-35848.541
40,4,16992.2,6296.8,0.0225,0.1174,0.1917,0.1445,2.2542,0.1917,-36460.903
40,5,16840.5,6448.5,0.0178,0.1065,0.1672,0.1271,2.7159,0.1672,-35889.455
40,6,16838.8,6450.2,0.0161,0.0954,0.1684,0.1142,2.6697,0.1684,-35573.904
40,7,16877.2,6411.8,0.0174,0.1006,0.173,0.1209,2.595,0.173,-35772.092
40,8,16826.9,6462.1,0.0166,0.1057,0.1574,0.1241,2.74,0.1574,-35790.751
40,9,16827.2,6461.8,0.0158,0.099,0.1599,0.1168,2.7161,0.1599,-35621.151
40,10,16884.3,6404.7,0.0159,0.0991,0.1609,0.1165,2.5249,0.1609,-35631.461
40,11,16845.1,6443.9,0.0186,0.1069,0.1737,0.129,2.7046,0.1737,-35958.593
40,12,16813.8,6475.2,0.0174,0.1064,0.1639,0.1265,2.8219,0.1639,-35860.02
40,13,16957.5,6331.5,0.0166,0.0907,0.1833,0.1103,2.327,0.1833,-35539.755
40,14,17000.3,6288.7,0.0169,0.0862,0.1959,0.1068,2.2163,0.1959,-35478.751
40,15,16869.3,6419.7,0.0148,0.0851,0.1741,0.1026,2.5956,0.1741,-35264.103
40,16,16904.3,6384.7,0.016,0.0955,0.1677,0.1134,2.4982,0.1677,-35562.397
40,17,16759.1,6529.9,0.0118,0.0701,0.1685,0.0845,2.9831,0.1685,-34730.335
40,18,16728.8,6560.2,0.0113,0.0725,0.156,0.0857,3.1139,0.156,-34732.704
40,19,16799.3,6489.7,0.0112,0.0672,0.1668,0.0804,2.8556,0.1668,-34612.041
40,20,16865.1,6423.9,0.0169,0.1138,0.1484,0.1309,2.6419,0.1484,-35939.916
40,21,16934.2,6354.8,0.0047,0.0315,0.1497,0.0361,2.3739,0.1497,-33167.948
40,22,17291.6,5997.4,0.0038,0.0192,0.1969,0.0233,1.5473,0.1969,-32727.345
40,23,16927.6,6361.4,0.0154,0.1122,0.1374,0.1255,2.4323,0.1374,-35791.926
40,24,16895.2,6393.8,0.0164,0.116,0.1417,0.1314,2.5532,0.1417,-35939.34
40,25,16924.4,6364.6,0.0175,0.1179,0.1482,0.1347,2.4399,0.1482,-36059.164
40,26,16868.1,6420.9,0.0169,0.1136,0.1487,0.1307,2.6115,0.1487,-35939.63
40,27,16889.7,6399.3,0.0171,0.113,0.1516,0.1304,2.5493,0.1516,-35944.308
40,28,16920.2,6368.8,0.0044,0.0241,0.1809,0.0293,2.4205,0.1809,-32936.011
40,29,16915.6,6373.4,0.0165,0.1121,0.1475,0.1281,2.468,0.1475,-35882.925
40,30,16948.8,6340.2,0.0056,0.029,0.1945,0.036,2.342,0.1945,-33200.877
40,31,16803.8,6485.2,0.0133,0.071,0.1867,0.088,2.8207,0.1867,-34873.243
40,32,16908.2,6380.8,0.0223,0.1486,0.1503,0.1708,2.4858,0.1503,-36889.833
40,33,16911.7,6377.3,0.0154,0.1128,0.1363,0.1262,2.4866,0.1363,-35801.119
40,34,17081.4,6207.6,0.004,0.0196,0.2062,0.0246,1.9829,0.2062,-32777.915
40,35,16943.4,6345.6,0.0159,0.115,0.1381,0.1287,2.3758,0.1381,-35874.875
40,36,16926.3,6362.7,0.0218,0.1498,0.1456,0.1703,2.4382,0.1456,-36871.372
40,37,17017.4,6271.6,0.0043,0.0264,0.1613,0.0306,2.1268,0.1613,-32987.006
40,38,16882.8,6406.2,0.0164,0.1111,0.148,0.1274,2.5858,0.148,-35858.209
40,39,16899.4,6389.6,0.0158,0.113,0.1401,0.1275,2.5191,0.1401,-35845.79