"Collection","Sample","Species","Plant_height","Veg_height","Leaf_width","Leaf_length","Sheath_length","Leaf_roll","Leaf_dry","Internode_dist","Culm_diam","Inflor_length","Spikelet_no","Pedicel_length_epu","Glume_length_outer","Glume_length_inner","Spikelet_width","Spikelet_length","Lemma_outer_length","Lemma_inner_length","Striation_no","Lemma_tip","Hair_tuft"
3,1,"E_rehmannii_subspicata",460,357,4.46,67.51,23.29,0,0,35.66,0.92,67.81,25,5,6.2,5.8,2.2,6.4,6.2,6.4,7,0,1
3,2,"E_rehmannii_subspicata",535,370,5.21,87.27,27.43,0,0,70.98,1.41,49.07,10,3.9,6.4,6.1,2,6.8,6.1,6.3,8,0,1
1590,2,"E_rehmannii_subspicata",1025,950,3.38,132.02,45.78,0,0,53.69,1.03,24.06,4,2.95,6.55,6.2,2.2,6.85,5.85,6.1,8,0,1
1659,1,"E_rehmannii_subspicata",475,400,6.54,105.19,51.57,0,0,76.05,1.88,36.1,9,3,6.05,6,2.1,7.35,6.6,6.5,8,0,1
1660,1,"E_rehmannii_subspicata",490,405,1.34,20.37,27.2,1,1,106.69,1.32,22.26,7,1.2,4.7,4.2,1.5,4.5,2.5,2.2,6,0,1
1649,6,"E_rehmannii_rehmannii",725,375,4.55,138.64,57.64,1,0,136.22,1.55,102.12,30,9.1,6.9,6.5,2,6.9,6.3,5.7,9,0,1
1652,1,"E_rehmannii_rehmannii",650,600,6.46,122.2,52.47,0,0,105.29,1.9,119.71,44,18.1,6.1,6,2.5,7.25,6.4,6.8,9,1,1
1653,3,"E_rehmannii_rehmannii",670,410,3.58,77.6,46.99,0,0,84.31,1.52,73.3,20,5.6,7.3,7.1,2.1,8.15,7.6,7.95,9,1,1
1567,1,"E_rehmannii_filiformis",570,540,0.43,17.16,12.07,0,1,75.38,0.6,5.69,1,1.8,5.55,5.1,1.75,4.8,4.1,3.9,16,0,1
1571,3,"E_rehmannii_filiformis",330,310,0.83,12.41,13.08,0,1,47.36,0.4,9.44,1,3.5,5.05,4.65,1.4,5.45,4.3,5,19,0,1
1583,2,"E_rehmannii_filiformis",410,385,1.26,14.52,15.94,1,1,64.52,0.69,7.9,2,1.6,3.9,3.9,1.2,3.5,3,3.05,11,0,1
1591,4,"E_rehmannii_filiformis",1040,980,2.36,56.13,24.35,0,0,47.3,1.07,10.53,4,2.2,6,5.85,1.9,5.7,4.65,5.2,21,0,1
1592,4,"E_rehmannii_filiformis",530,475,0.86,15.77,20.08,1,1,78.36,0.51,7.38,1,3.5,4.85,4.55,1.8,5,4.2,4.75,12,0,1
1615,4,"E_rehmannii_filiformis",350,300,1.12,14.49,17.89,1,1,38.28,0.63,7.34,1,2.8,5.4,5.3,1.4,4.8,4.1,4.55,14,0,1
1,4,"E_rehmannii_filiformis",870,805,2.57,117.68,41.67,0,0,109.08,1.19,25.06,7,2,5.95,6,2.2,5.8,5.15,5.4,19,0,1
4,4,"E_rehmannii_filiformis",450,420,0.6,15.28,20.18,1,1,73.87,0.8,24.51,6,3.3,6.1,6.2,1.6,5.75,4.9,5.3,5,1,1
1658,2,"E_rehmannii_filiformis",610,550,1.6,38.51,24.08,1,0,44.79,1.29,24.9,5,2.7,6.2,6.1,2,6.1,5.4,5.8,17,0,1
1566,2,"E_ramosa_aphylla",520,430,1.35,32.25,65.5,1,1,82.34,1.81,55.02,12,6.6,8.4,8.6,2.2,6.9,6,6.55,11,1,1
1570,1,"E_ramosa_aphylla",430,350,0.79,12.71,44.79,1,1,152.95,1.43,56.21,14,5.2,8.4,8.2,2.4,6.9,6.6,6.95,11,1,1
1576,4,"E_ramosa_aphylla",320,255,0.72,14.87,55.47,1,1,66.76,1.32,44.92,10,6.7,7.25,7.35,2.4,6.2,5.3,6,13,1,1
1585,5,"E_ramosa_ramosa",880,650,1.58,6.13,60.61,1,1,121.69,1.8,103.38,38,4.3,4.9,4.8,2.4,5.95,4.9,5.1,0,1,1
1601,1,"E_ramosa_aphylla",710,570,1.8,8.87,44.9,1,1,153.43,1.29,47.17,15,5.1,6.2,6.05,1.5,5.1,4.1,4.8,9,0,1
1609,2,"E_ramosa_aphylla",550,450,0,0,38.76,1,1,122.33,1.1,36.7,11,3.9,7.6,7.7,2.4,6.7,5.7,6.3,0,1,1
1622,1,"E_ramosa_aphylla",505,375,0.96,7.42,30.02,1,1,120.03,1.3,48.69,12,6.9,7.05,6.95,2.1,6.7,6.1,6.3,0,1,1
1560,2,"E_ramosa_ramosa",385,305,1.66,16.83,36.99,1,1,129.08,1.51,39.38,16,6.4,5.9,5.85,2.15,6.2,5.6,5.8,0,1,1
1588,4,"E_ramosa_ramosa",840,610,0.1,4.58,53.85,1,1,160.8,3.09,102.26,33,7.5,7.95,7.9,2.9,7.45,6.95,7.1,2,1,1
1606,1,"E_ramosa_ramosa",365,275,1.35,5.22,30.73,1,1,90.26,1.88,38.67,10,4.2,5.8,5.7,1.8,5.2,4.7,5,0,1,1
1611,1,"E_ramosa_ramosa",720,570,0.89,7.63,67.55,1,1,155.79,2.53,86.55,21,9.7,6.2,6.45,2.6,7.1,6.4,6.7,6,1,1
1624,1,"E_ramosa_ramosa",520,345,1.16,2.22,72.83,1,1,168,2.24,61.61,17,3.6,6.7,7.05,2.2,8.35,7.2,7.7,0,1,1
1626,4,"E_ramosa_ramosa",600,330,1.49,10.4,33.94,1,1,116.92,1.29,65.14,19,4.8,5.95,6.3,2.35,6.25,5.85,6.05,0,1,1
1635,2,"E_ramosa_ramosa",920,470,0.96,5.74,83.63,1,1,130,2.15,65.01,13,4.6,7.2,7.4,2.2,7.5,6.5,7.1,0,1,1
1643,2,"E_ramosa_ramosa",810,615,1.74,7.64,75.14,1,1,71.06,2.97,93.88,18,7.2,7.85,8.1,2.75,7.9,7.2,7.7,0,0,1
1645,5,"E_ramosa_ramosa",780,485,1.24,24.12,53.49,1,1,121.36,1.65,102.82,19,6.5,6.65,6.7,1.95,6.8,6.15,6.5,0,0,1
1654,1,"E_ramosa_ramosa",735,575,0.39,3.04,45.89,1,1,109.32,1.53,71.67,17,13.5,7,6.6,1.9,6.9,5.85,6.4,0,1,1
1656,4,"E_ramosa_ramosa",630,390,1.1,9.94,52.37,1,1,109.18,1.71,80.44,22,9.7,6.3,6.55,2.1,7.45,6.8,6.95,18,1,1
1559,1,"E_rupestris_rupestris",280,200,2.02,25.23,12.04,2,0,4.08,0.84,35.49,8,4.7,2.4,2.3,2.1,5.1,2.6,4.9,0,2,0
123,1,"E_rupestris_rupestris",230,120,3.48,31.21,11.51,2,0,5.64,1.4,31.43,7,3.7,2.1,2.1,1.7,5.4,1.9,5.2,0,2,0
1563,1,"E_rupestris_rupestris",400,275,2.78,46.01,19.77,2,0,10.96,1.3,38.07,8,3.2,2.6,2.4,1.8,5.3,2.6,5.2,0,2,0
2,1,"E_rupestris_rupestris",470,395,1.6,22.88,12.35,2,0,22.88,0.76,23.97,5,2.6,1.85,2,1.6,5.15,2.4,4.95,0,2,0
1605,2,"E_rupestris_rupestris",240,170,2.14,32.56,12.66,2,0,3.17,1.24,19.81,5,3.4,2.3,2.4,2.1,4.75,2.1,4.5,0,2,0
1634,7,"E_rupestris_rupestris",270,175,3.16,33.98,18.89,2,0,5.98,1.66,29.31,7,1.4,1.6,1.85,1.8,5.2,2.2,5,0,2,0
1655,1,"E_rupestris_rupestris",360,180,1.96,24.3,15.44,2,0,5.69,0.88,26.11,7,2.2,1.8,1.9,1.55,5,2.3,5.1,0,2,0
1565,1,"E_rupestris_dodii",170,170,0.59,48.68,12.99,1,0,16.67,0.5,10.8,2,6.6,1.35,1.3,1.2,4.5,1.35,4.1,0,2,0
1573,1,"E_rupestris_dodii",350,350,0.88,35.66,10.35,0,0,17.68,0.35,8.53,1,5,1.65,1.6,1,4.75,1.4,4.5,0,2,0
1578,3,"E_rupestris_dodii",210,180,0.76,50.31,12.71,0,0,24.06,0.55,9.94,1,5.3,1.5,1.7,1.2,4.9,1.6,4.55,0,2,0
1602,2,"E_rupestris_dodii",190,130,0.72,55.85,13.2,1,0,15.95,0.58,11.1,1,5.8,1.4,1.4,1.4,5.35,1.8,5.3,0,2,0
1616,2,"E_rupestris_dodii",290,290,0.8,39.2,7.76,1,0,31.08,0.4,9.7,1,5.1,1.3,1.35,1.1,4.55,1.45,4.4,0,2,0
1639,6,"E_rupestris_dodii",270,220,1.42,44.81,13.71,1,0,31.81,0.41,16.75,3,1.95,1.7,1.7,1.4,5.2,1.75,5.1,0,2,0
1558,1,"E_rupestris_tricostata",335,335,0.9,27.78,11.06,1,0,14.55,0.76,12.11,2,6.6,3.3,3.1,1.4,5.5,1.5,5.3,0,2,0
1579,3,"E_rupestris_tricostata",375,220,2.08,31.93,49.41,1,1,152.5,1.35,37.86,6,1.25,1.7,2.4,1.4,5.8,1.9,5.65,0,2,0
1586,2,"E_rupestris_tricostata",520,420,2.12,53.82,16.76,1,0,23.05,1.12,26.52,6,4.1,2.8,2.7,2,5.1,1.3,5,0,2,0
1594,4,"E_rupestris_tricostata",470,455,2.6,78.13,32.25,0,1,87.36,1.44,22.61,5,0.8,2.1,2.3,1.2,5,1.45,4.9,0,2,0
1603,2,"E_rupestris_tricostata",385,285,1.74,64.69,45.24,1,0,134.67,0.82,36.32,7,0.9,2,1.75,1.2,5.4,1.7,5.1,0,2,0
1618,3,"E_rupestris_tricostata",420,405,1.98,59.89,33.85,1,0,47.3,0.93,26.5,6,2.3,1.4,1.2,1.35,4.65,1.2,4.55,0,2,0
1619,1,"E_rupestris_tricostata",310,260,1.76,48.04,18.39,1,0,34.43,0.76,22.78,5,3.6,1.45,1.5,1.2,4.35,1.2,4.35,0,2,0
1621,3,"E_rupestris_tricostata",365,310,2.22,53.95,14.87,1,0,14.52,0.76,30.65,6,4.2,1.7,1.55,1.3,4.8,1.5,4.65,0,2,0
1632,3,"E_rupestris_tricostata",430,365,1.08,81.55,30.79,1,0,56.3,0.85,29.21,5,4.25,4,3.8,1.25,6.4,1.95,6.2,0,2,0
1640,2,"E_rupestris_tricostata",355,285,1.24,42.28,15.2,1,0,15.64,0.65,24.98,3,2.9,3.3,2.75,1.65,6.1,2.5,5.6,0,2,0
1648,1,"E_rupestris_tricostata",295,250,1.47,90.8,21.48,1,0,22.15,0.79,34.73,5,7.1,2.1,2,1.1,6.1,2.6,5.9,0,2,0
1657,2,"E_rupestris_tricostata",320,280,1.34,42.15,10.46,1,0,15.24,0.71,25.05,5,2.1,2.45,2.4,1.8,5.9,1.35,4.6,0,2,0
1661,1,"E_rupestris_tricostata",420,310,0.8,4.38,31.09,1,1,121.63,0.94,23.77,5,0.8,1.7,1.7,1.3,4.9,1.2,4.85,0,2,0
1589,4,"E_setacea_disticha",145,145,2.66,20.21,3.99,2,0,3.84,1.09,8.81,2,0.2,3.7,3.6,1.6,4.55,1.9,4.3,0,2,0
1597,5,"E_setacea_disticha",200,190,1.24,18.66,5.91,2,0,5.91,0.74,8.08,2,1.6,3.5,3.4,1.7,4.6,1.8,4.4,0,2,0
1598,6,"E_setacea_disticha",55,45,1.22,9.76,3.25,2,0,1.77,0.51,5.43,1,2.5,3.1,3,1.6,3.9,1.1,3.8,0,2,0
1599,5,"E_setacea_disticha",120,120,1.7,34.47,11.84,2,0,12.95,0.69,13.09,4,1.1,4.4,4.25,1.4,5.1,1.85,4.7,0,2,0
1572,5,"E_setacea_uniflora",530,510,1.06,37.65,12.19,0,0,36.5,0.34,19.23,4,1.7,5.5,5.4,1.5,4.5,1.9,4.35,0,2,0
1604,2,"E_setacea_uniflora",950,920,0.86,54.12,28.1,0,0,89.96,0.52,8.15,2,1.3,5.9,5.45,1.3,4.5,1.5,4.2,0,2,0
1631,5,"E_setacea_scabra",260,175,2.7,35.27,10.41,2,0,7.42,0.86,30.05,8,2.6,5.1,5.4,2.2,6.75,3.8,6.7,0,2,0
1636,2,"E_setacea_scabra",390,300,1.89,57.77,16.39,1,0,9.83,1.18,40.53,9,2.9,5.3,5.3,1.65,6.3,3.4,6.2,0,2,0
1644,4,"E_setacea_scabra",490,220,5.08,83.08,34.93,0,0,13.88,1.36,59.29,12,4.9,4.85,5.2,1.5,6.5,3.35,6.3,0,2,0
1557,1,"E_setacea_setacea",380,335,1.68,30.63,10.22,1,1,10.58,0.95,22.34,5,3,3.4,3.1,1.45,4.65,1.3,4.3,0,2,0
1564,2,"E_setacea_setacea",350,305,1.92,89.56,23.48,1,0,19.82,1.2,46.31,9,5.8,5.6,4.6,1.8,6.3,1.7,5.9,0,2,0
1568,1,"E_setacea_setacea",170,130,2.11,46.91,17.27,1,0,5.66,0.93,29.43,6,5.9,6,5.4,1.8,5.9,1.7,5.8,0,2,0
1569,1,"E_setacea_setacea",220,160,2.56,44.16,17.55,1,0,8.4,1.15,44.39,8,7.1,5,5.4,1.3,6.4,1.7,6.2,0,2,0
1577,5,"E_setacea_setacea",380,215,2.28,84.47,20.25,1,0,13.02,1.47,44.9,7,4.4,6.1,5.1,1.9,5.7,1.7,5.3,0,2,0
1580,1,"E_setacea_setacea",415,315,2.45,69.59,22.13,1,0,19.38,2.22,44.58,9,7.1,5.6,4.1,1.7,5.3,1.6,5.3,0,2,0
1582,1,"E_setacea_setacea",840,725,2.22,76.51,25.43,1,0,7.67,1.82,44.06,8,3.1,5.75,4.7,1.85,5.7,1.6,5.6,0,2,0
1587,5,"E_setacea_setacea",730,650,2.04,35.99,17.7,1,0,12.22,1.06,31.22,7,3.8,3.9,3.3,1.9,5.1,1.6,5.1,0,2,0
1595,2,"E_setacea_setacea",315,240,2.94,47.06,13.59,0,0,15.29,1.18,27.54,6,1.8,7,7.1,1.5,6.8,2.1,6.7,0,2,0
1600,4,"E_setacea_setacea",280,210,2.05,42.52,9.12,0,0,7.4,1.3,27.41,6,2.85,6.1,6.4,2.1,7.65,3.05,7.6,0,2,0
1610,5,"E_setacea_setacea",440,300,2.76,61.67,22.48,1,0,13.02,1.3,34.18,6,2.8,2.8,3.6,1.4,5.4,1.6,4.9,0,2,0
1614,1,"E_setacea_setacea",210,95,2.02,44.96,16.4,1,0,9.06,0.77,25.96,5,1.6,6.5,4.8,1.9,6.5,2.2,6.5,0,2,0
1629,4,"E_setacea_setacea",590,450,1.89,71.21,25.7,1,0,28,1.65,44.23,9,4.1,5.6,5.2,1.9,5.8,1.8,5.5,0,2,0
1633,5,"E_setacea_setacea",335,275,2.2,46.17,13.94,1,0,8.95,0.9,29.14,6,4.6,6.6,5.1,1.5,5,1.5,5,0,2,0
1583,1,"E_rehmannii_filiformis",385,370,0.68,11.52,16.51,1,1,76.78,0.54,9.9,1,2.6,5.1,4.7,1.5,4.6,3.4,4.2,12,0,1
1583,3,"E_rehmannii_filiformis",345,325,1,13.1,8.96,1,1,54.35,0.73,8.96,1,1.8,4.1,4,1.3,4.25,3.55,4.05,10,0,1
1,2,"E_rehmannii_filiformis",650,545,2.74,63.59,37.39,1,0,81.35,0.89,48.06,7,5.6,7.8,7.4,1.9,6.4,6,6,17,0,1
1,5,"E_rehmannii_filiformis",625,545,1.64,75.42,29.58,1,0,70.26,1.04,40.39,7,4.9,6.95,6.8,1.55,6.2,6,5.7,17,0,1
4,3,"E_rehmannii_filiformis",545,455,1.58,24.39,26.4,1,0,66.05,0.89,40.75,10,2.3,6.5,6.15,1.5,5.9,4.9,5.2,7,1,1
4,2,"E_rehmannii_filiformis",570,535,2.14,53.33,20.87,1,1,52.65,1.02,25.37,5,2.8,5.65,5.7,1.4,5,4.7,4.9,7,1,1
1591,2,"E_rehmannii_filiformis",465,415,2.32,42.71,29.86,0,0,51.72,0.77,16.09,4,3.6,5.1,5,1.4,5.15,3.9,4.85,11,0,1
1591,6,"E_rehmannii_filiformis",550,485,1.64,26.4,18.53,1,1,64.48,0.67,10.38,3,1.8,5.5,5.45,1.6,5.5,4.5,5.1,11,0,1
1592,1,"E_rehmannii_filiformis",455,400,0.94,21.7,12.13,1,0,42.62,0.22,9.17,2,1.9,4.4,4.2,1.4,4.7,4.1,4.4,8,0,1
1592,2,"E_rehmannii_filiformis",450,415,1.22,29.68,19.23,1,0,34.69,0.48,8.15,1,4,5.2,5.4,1.5,5,4.4,4.6,5,0,1
1615,3,"E_rehmannii_filiformis",240,210,0.56,14.94,12.12,1,1,52.34,0.69,12.08,2,4,5.6,5.55,1.5,5.6,4.7,5.2,19,0,1
1615,6,"E_rehmannii_filiformis",470,445,0.84,17.47,11.02,1,0,66.14,0.6,9.05,1,3.1,5.3,5.4,1.55,5.4,4.6,5.1,15,0,1
1658,1,"E_rehmannii_filiformis",420,405,1.3,32.28,20.1,1,1,71.95,0.91,9.42,1,3.7,5.5,5.25,1.7,5.8,5.15,5.5,11,1,1
1658,5,"E_rehmannii_filiformis",365,305,1.66,24.53,18.85,1,1,69.39,0.71,13.04,2,4.6,5.7,5.5,1.6,5.9,5.25,5.6,15,1,1
1566,1,"E_ramosa_aphylla",610,450,1.34,6.93,45.67,1,1,100.37,2.29,76.09,12,6.5,9.4,9.5,2.5,7.4,6.6,7.15,17,1,1
1566,4,"E_ramosa_aphylla",405,245,1.02,4.16,46.46,1,1,110.49,1.46,66.19,18,4.9,6.8,7,1.8,6.1,5.7,5.9,0,1,1
1570,5,"E_ramosa_aphylla",530,390,1.36,16.07,57.19,1,1,141.68,1.12,47.68,9,4.2,8.3,8.4,1.65,6.7,6.1,6.2,22,1,1
1570,6,"E_ramosa_aphylla",460,330,0.92,7.48,48.42,1,1,111.22,1.56,40.11,9,4.3,9.1,8.5,1.8,6.7,6.2,6.45,20,1,1
1576,6,"E_ramosa_aphylla",355,250,0.67,6.31,48.49,1,1,118.8,1.57,38.3,7,5.65,7.85,7.75,1.8,6.4,5.3,5.9,20,1,1
1576,5,"E_ramosa_aphylla",420,240,1.32,22.42,59.55,1,1,113.91,1.64,59.63,12,9,8.1,8.3,2.5,6.6,5.8,6.2,0,1,1
1601,2,"E_ramosa_aphylla",550,480,1.28,22.65,36.02,1,1,114.83,1.49,36.99,12,3.75,6.4,6.3,1.5,5.2,4.3,5,0,1,1
1601,3,"E_ramosa_aphylla",880,630,0.9,26.15,58.54,1,1,129.5,1.6,80.2,25,8.6,6.95,7.4,1.6,5.75,5.05,5.3,0,1,1
1609,1,"E_ramosa_aphylla",540,450,0.83,11.83,44.57,1,1,93.59,1.61,44.11,10,3.7,6,5.9,2,5.9,5.1,5.4,0,1,1
1609,3,"E_ramosa_aphylla",520,465,0.86,16.55,43.34,1,1,177,1.47,38.05,10,1.7,6.8,6.7,2.3,6.6,6.2,5.6,0,1,1
1622,2,"E_ramosa_aphylla",440,340,0.52,7.41,49.84,1,1,133.01,0.49,49.63,14,6.2,6.3,6.4,2.4,6,5.4,5.8,0,1,1
1622,4,"E_ramosa_aphylla",595,410,1.26,10.07,31.75,1,1,92.28,1.45,71.95,23,8.1,6.75,6.9,1.9,6.7,5.9,6.4,0,1,1
1560,1,"E_ramosa_ramosa",565,430,0.77,8.33,42.92,1,1,158,1.54,43.68,13,3.7,5.95,6.2,1.6,5.8,5.1,5.5,0,1,1
1560,6,"E_ramosa_ramosa",395,340,1.46,9.6,40.98,1,1,94.49,1.88,41.23,17,2,5.1,5.1,2,5.7,4.9,5.1,0,1,1
1588,5,"E_ramosa_ramosa",630,535,1.33,8.63,65.08,1,1,104.03,2.74,108.93,33,4.4,6.2,6.6,2.2,6.8,5.8,6.4,0,1,1
1588,3,"E_ramosa_ramosa",715,635,1.16,7.23,67.78,1,1,102.7,3.19,89.34,24,4.2,6.4,6.7,2.2,6.9,5.9,6.6,0,1,1
1585,6,"E_ramosa_ramosa",775,660,1,6.88,40.63,1,1,132.21,2.67,50.61,15,4,5.1,5.1,1.9,6.1,5.55,5.8,0,1,1
1585,3,"E_ramosa_ramosa",1210,1060,0.49,5.34,42.64,1,1,234,2.45,85.51,26,7.1,6.4,6.35,1.7,6.25,5.2,5.9,0,1,1
1606,2,"E_ramosa_ramosa",525,440,0.93,5.07,53.76,1,1,100.25,1.73,45.79,13,5,6.2,6.2,1.7,6.3,5.5,5.9,0,1,1
1606,3,"E_ramosa_ramosa",550,435,1.76,5.91,33.99,1,1,91.23,1.95,46.1,18,4.8,5.1,5.2,2,5.45,4.7,5.4,0,1,1
1611,3,"E_ramosa_ramosa",850,705,0.79,6.94,66.76,1,1,113.68,2.55,67.52,19,4.6,6.1,6.35,2.3,6.6,5.8,6.3,0,1,1
1611,2,"E_ramosa_ramosa",920,755,1.26,6.31,72.49,1,1,97.45,2.24,90.52,27,7.5,6.25,6.5,2.3,7.1,6.3,6.9,0,1,1
1624,2,"E_ramosa_ramosa",490,300,0.75,2.54,79.22,1,1,182.5,1.93,63.27,17,8.5,6.75,7.1,2.4,8.2,7.4,8,0,1,1
1624,3,"E_ramosa_ramosa",510,315,2.24,3.48,73.88,1,1,178,2.1,54.89,15,4.9,7,7.1,2.2,8.6,7.4,8.1,0,1,1
1626,3,"E_ramosa_ramosa",680,370,0.81,3.54,87.17,1,1,141.97,2.37,71.92,19,7.2,6,6.4,2,6.8,6,6.5,0,1,1
1626,6,"E_ramosa_ramosa",690,510,1.46,17.35,36.66,1,1,57.8,2,67.95,15,9.5,6.6,6.6,2,6.9,6,6.5,0,1,1
1635,6,"E_ramosa_ramosa",940,700,0.94,7.21,98.72,1,1,102.76,2.62,62.06,10,6.4,6.95,6.5,2.3,7,6.1,6.5,0,1,1
1635,3,"E_ramosa_ramosa",530,355,1.15,9.25,73.2,1,1,99.6,2.26,113.96,22,9.6,7.7,7.6,1.8,8.1,6.45,7,0,0,1
1643,3,"E_ramosa_ramosa",680,530,1.76,9.71,66.98,1,1,105.52,2.8,83.97,14,4.1,6.3,6.25,1.8,6.9,6.1,6.5,0,1,1
1643,6,"E_ramosa_ramosa",590,350,1.31,6.5,42.91,1,1,117.3,2.42,60.36,10,8,6.3,6.5,2.2,7.4,6.05,6.5,0,1,1
1645,6,"E_ramosa_ramosa",540,380,1.32,11.92,43.42,1,1,93.97,1.84,72.56,16,3.9,6.2,6.35,1.8,6.6,5.8,6.2,0,1,1
1645,1,"E_ramosa_ramosa",735,485,1.68,24.75,68.23,1,1,129.26,2.27,87.52,19,6.65,6.7,7,1.7,7.5,6.3,6.9,0,1,1
1654,6,"E_ramosa_ramosa",560,390,0.85,4.44,48.28,1,1,104.14,2.06,77.62,24,4.1,6.5,6.2,2,7.2,6.5,6.8,0,1,1
1654,4,"E_ramosa_ramosa",450,300,0.87,3.85,47.2,1,1,83.95,1.58,46.76,7,3.65,7.8,7.7,1.8,7,5.8,6.5,0,1,1
1656,3,"E_ramosa_ramosa",445,330,1.01,3.05,38.18,1,1,78.5,2.76,60.72,13,5.1,6.2,6,1.9,6.7,5.8,6.25,0,0,1
1656,5,"E_ramosa_ramosa",700,485,1.1,2.99,42.14,1,1,101.44,2.3,46.86,18,5.1,6.4,6.85,1.6,6.2,5.15,5.8,0,0,1
123,2,"E_rupestris_rupestris",240,165,2.72,34.54,16.03,2,0,3.94,1.18,27.81,8,2.5,2.2,2.2,1.7,4.6,2.25,4.4,0,2,0
2,2,"E_rupestris_rupestris",310,250,0.98,9.11,8.55,2,0,2.35,0.84,25.88,6,3.4,1.5,1.7,1.3,5,2.45,5,0,2,0
1559,2,"E_rupestris_rupestris",310,200,2.5,30.67,14.71,2,0,4.63,1.09,29.18,6,2.85,2.7,2.85,1.4,5.2,2.3,5.2,0,2,0
1559,3,"E_rupestris_rupestris",220,145,2.79,30.29,15.57,2,0,4.47,1.13,29.5,6,4.4,1.9,2.1,1.8,5.4,2.6,5.4,0,2,0
1605,1,"E_rupestris_rupestris",325,210,3.42,36.67,13.64,2,0,6.08,1.14,30.62,6,2.95,2.25,2.4,1.5,4.9,2,4.8,0,2,0
1605,3,"E_rupestris_rupestris",295,200,2.48,36.89,14.63,2,0,6.31,1.41,24.47,5,3.3,2.3,2.4,2,4.7,2.5,4.6,0,2,0
1634,1,"E_rupestris_rupestris",415,375,2.62,40.49,15.97,2,0,3.6,1.32,23.39,5,2.6,1.9,1.8,1.9,4.85,1.8,4.75,0,2,0
1634,2,"E_rupestris_rupestris",385,275,3.16,25.79,12.59,2,0,3.5,0.95,25.42,5,2.3,1.8,2.1,1.6,5.2,2.6,5.2,0,2,0
1655,2,"E_rupestris_rupestris",290,185,2.38,23.38,11.92,2,0,4.67,0.85,30.23,6,4.1,1.9,2.05,1.65,5.5,2.8,5.4,0,2,0
1655,1,"E_rupestris_rupestris",300,210,1.44,18.67,9.86,2,0,6.28,0.62,30.23,5,4.1,1.8,2,1.5,5.45,2.75,5.45,0,2,0
1565,2,"E_rupestris_dodii",260,255,1.02,61.1,11.11,1,0,37.19,0.54,13.44,3,1.6,1.2,1.1,1.2,4.3,1.4,4.25,0,2,0
1565,4,"E_rupestris_dodii",230,230,1.24,74.29,18.78,1,0,26.88,0.46,11.48,3,1.8,1.5,1.3,1.1,4.35,1.4,4.3,0,2,0
1578,6,"E_rupestris_dodii",250,220,0.86,48.71,13.66,1,0,22.98,0.67,11.2,2,2.1,1.4,1.45,1.3,4.6,1.65,4.3,0,2,0
1578,2,"E_rupestris_dodii",245,245,1.1,61.86,12.15,1,0,23.92,0.43,10.34,2,2.7,1.6,1.7,0.9,4.4,1.4,4.2,0,2,0
1602,1,"E_rupestris_dodii",240,220,0.75,66.86,5.78,1,0,19.13,0.27,10.22,1,4.4,1.7,1.75,1.2,5.4,1.2,5.4,0,2,0
1602,3,"E_rupestris_dodii",255,195,0.72,44.02,6.75,1,0,13.06,0.43,11.11,1,4.35,1.6,1.5,1.3,5.2,2,5.2,0,2,0
1616,1,"E_rupestris_dodii",210,190,0.61,42.19,8.99,1,0,6.65,0.38,10.45,2,0.8,1.2,1.3,1,4.2,1.3,4,0,2,0
1616,4,"E_rupestris_dodii",135,130,1.18,48.25,8.32,1,0,10.92,0.28,8.95,2,1.5,1.4,1.4,1.1,4.3,1.4,4.1,0,2,0
1639,3,"E_rupestris_dodii",580,530,1.38,76.4,25.11,1,0,46.93,0.52,15.72,2,2.1,1.1,1.4,1.2,4.65,1.4,4.6,0,2,0
1639,4,"E_rupestris_dodii",530,450,1.12,32.24,22.6,1,0,56.85,0.58,15.94,2,7.1,1.9,1.8,1.3,5.3,1.6,5.15,0,2,0
1558,3,"E_rupestris_tricostata",330,335,0.94,25.46,11.91,1,0,17.47,0.85,16.88,3,2.6,3.85,3.7,1.65,5.75,1.7,5.6,0,2,0
1558,6,"E_rupestris_tricostata",320,305,0.9,20.01,6.83,1,0,7.08,1.15,15.42,3,2.9,3.25,3,1.5,5.3,1.45,5,0,2,0
1579,2,"E_rupestris_tricostata",410,230,2.42,38.26,46.09,1,1,160.5,1.32,35.1,6,2.8,2.2,3.6,1.3,5.7,1.6,5.6,0,2,0
1579,1,"E_rupestris_tricostata",400,300,2.22,44.36,46.37,1,1,188.5,0.97,37.28,6,0.95,2.6,2.8,1.1,7.1,2.6,6.9,0,2,0
1586,3,"E_rupestris_tricostata",570,510,1.8,46.35,14.73,1,0,22.75,1,28.27,5,4.4,3.4,3.3,1.6,5.05,1.5,4.9,0,2,0
1586,5,"E_rupestris_tricostata",430,365,2.38,55.51,20.73,1,0,31.22,0.86,31.65,6,6.4,3.3,3,1.7,5.6,1.9,5.4,0,2,0
1594,1,"E_rupestris_tricostata",440,350,1.98,60.61,26.38,1,1,93.98,1.18,32.54,7,0.9,1.85,1.9,1.3,5.15,1.45,5.1,0,2,0
1594,6,"E_rupestris_tricostata",570,455,1.37,10.91,45.95,1,1,177.8,1.16,43.36,7,1,2,1.9,1.3,5.4,1.1,5.3,0,2,0
1603,3,"E_rupestris_tricostata",430,225,1.13,14.85,52.06,1,0,131.28,1.1,45.27,9,0.5,1.8,1.7,1.15,4.95,1.5,4.8,0,2,0
1603,1,"E_rupestris_tricostata",340,230,1.48,26.28,45.93,1,0,102.54,0.86,33.76,6,0.8,1.8,1.8,1.4,5.3,1.9,4.9,0,2,0
1618,1,"E_rupestris_tricostata",460,430,1.88,48.89,13.64,1,0,34.26,0.49,22.48,5,3.25,1.9,1.8,1.5,4.9,1.5,4.75,0,2,0
1618,4,"E_rupestris_tricostata",305,280,1.6,49.73,16.18,1,0,22.31,0.55,22.64,5,3.6,1.4,1.4,1.3,4.8,1.1,4.65,0,2,0
1621,1,"E_rupestris_tricostata",410,335,2,85.63,31.5,1,0,48.97,0.75,37.94,8,6.4,1.4,1.2,1.4,5,1.45,5,0,2,0
1621,5,"E_rupestris_tricostata",265,185,1.9,55.21,19.93,1,0,13.41,0.67,31.08,6,5.1,1.85,1.7,1.5,5.2,1.5,5.15,0,2,0
1632,1,"E_rupestris_tricostata",250,140,1.08,49.32,10.86,1,0,18.12,0.68,24.23,4,3.4,2.6,2.2,1.4,5,1.7,4.9,0,2,0
1632,2,"E_rupestris_tricostata",210,130,0.96,27.4,14.98,1,0,38.77,0.62,26.81,5,3.7,2.9,2.4,1.4,5.05,1.6,5,0,2,0
1640,4,"E_rupestris_tricostata",240,195,1.03,35.43,9.8,1,0,13.43,0.64,11.62,2,2.45,2.75,2.9,1.3,5.7,2.5,5.55,0,2,0
1640,1,"E_rupestris_tricostata",430,350,0.98,35.95,10.91,1,0,26.35,0.76,21.64,4,7.2,2.8,2.85,1.6,6.3,2.2,6,0,2,0
1648,3,"E_rupestris_tricostata",360,275,1.56,90.23,18.81,1,0,18.96,0.63,23.31,6,4.1,1.9,2.2,1.2,5.7,2.2,5.4,0,2,0
1648,5,"E_rupestris_tricostata",350,270,1.74,104.9,24.01,1,0,25.29,0.82,33.89,7,6.3,2.1,2.1,1.2,6.55,2.7,6.3,0,2,0
1657,3,"E_rupestris_tricostata",445,385,1.52,56.8,11.99,1,0,40.96,0.7,20.56,4,1.8,2.3,2.1,1.5,5.7,1.65,5.55,0,2,0
1657,5,"E_rupestris_tricostata",370,310,1.88,66.7,20.19,1,0,25.6,0.72,16.33,3,2.4,2.5,2.5,1.5,5.7,1.5,5.4,0,2,0
1661,3,"E_rupestris_tricostata",490,385,0.94,5.16,38.79,1,1,107.46,1,25.17,6,1.3,2.1,2,1.25,4.9,1.8,4.8,0,2,0
1661,5,"E_rupestris_tricostata",605,465,1.11,14.03,57.97,1,1,129.81,1.7,39.06,8,1.4,1.9,2.05,1.3,4.9,1.2,4.8,0,2,0
1589,3,"E_setacea_disticha",180,150,1.14,13.84,3.16,2,0,2.73,0.85,11.76,5,0.6,3.35,3.6,1.7,4.3,1.8,4.26,0,2,0
1589,1,"E_setacea_disticha",185,165,1.78,26.68,4.31,2,0,5.74,1.13,9.97,3,1.2,3.6,3.9,1.5,4.6,2.3,4.3,0,2,0
1597,4,"E_setacea_disticha",170,155,1.02,21.83,5.83,2,0,7.1,0.77,5.09,1,4.35,3.6,3.9,1.4,4.3,1.75,4.1,0,2,0
1597,1,"E_setacea_disticha",160,140,1.72,12.8,4.33,2,0,2.53,1.05,6.49,1,2.7,4,3.8,1.4,4.5,1.35,4.3,0,2,0
1598,1,"E_setacea_disticha",75,75,1.4,17.13,5.8,2,0,2.93,0.77,5.87,1,2.6,3.1,3.1,1.35,5.15,1.5,4.7,0,2,0
1598,2,"E_setacea_disticha",70,70,1.44,16.45,4.36,2,0,1.99,0.66,6.65,1,2.3,3.8,3.5,1.5,4.9,1.5,4.15,0,2,0
1599,1,"E_setacea_disticha",150,140,1.23,28.77,10.13,1,0,5.22,0.71,15.04,4,1.45,4.6,4.6,1.4,5.2,1.8,5.1,0,2,0
1599,2,"E_setacea_disticha",140,120,1.46,30.36,7.08,1,0,4.75,0.6,14.78,3,1.2,4.7,4.8,1.5,5,2,4.9,0,2,0
1572,6,"E_setacea_uniflora",805,785,1.39,48.26,23.06,0,0,37,0.37,19.25,3,1.35,5.3,5.2,1.5,4.6,2.2,4.45,0,2,0
1572,3,"E_setacea_uniflora",660,655,1.35,72.6,27.57,0,0,60.94,0.53,14.38,3,1.8,6,5.9,1.2,4.8,1.9,4.6,0,2,0
1604,1,"E_setacea_uniflora",460,440,0.68,34.98,17.25,0,0,76.72,0.44,10.86,2,3.2,5.2,4.9,1,4.6,1.8,4.3,0,2,0
1604,3,"E_setacea_uniflora",670,625,1.43,75,30.29,0,0,66.27,0.28,9.16,2,1.4,4.6,4.4,1,4.4,1.2,4,0,2,0
1631,1,"E_setacea_scabra",340,260,2.4,56.89,22.04,1,0,14.56,0.69,58.4,14,3.8,5.4,5.4,1.7,6.4,3.1,6.3,0,2,0
1631,4,"E_setacea_scabra",305,215,1.78,57.67,14.65,1,0,8.01,1.29,43.29,9,2.3,5.3,5.4,1.9,7.1,3.5,6.9,0,2,0
1636,3,"E_setacea_scabra",540,390,2.46,62.79,20.65,1,0,16.16,1.41,56.45,13,5.7,5.1,4.8,1.7,7,3,7,0,2,0
1636,4,"E_setacea_scabra",365,280,2.43,62.87,16.55,1,0,19.63,1.17,48.96,8,7.3,6,5.95,1.8,7.6,4.1,7.4,0,2,0
1642,1,"E_setacea_scabra",440,270,1.84,56.28,16.13,1,0,12.26,1.34,39.59,11,5.2,4.5,4.4,1.9,6.8,3.2,6.45,0,2,0
1644,2,"E_setacea_scabra",610,390,4.49,63.24,32.68,0,0,24.75,2.03,72.4,13,5.4,5.2,5.1,1.8,6.7,4,6.6,0,2,0
1644,3,"E_setacea_scabra",640,480,3.68,88.52,28.87,1,0,16.43,1.44,61.39,14,2.5,4.6,4.7,1.85,6.4,3.3,6.35,0,2,0
1557,4,"E_setacea_setacea",305,290,1.5,35.73,11.85,1,0,14.22,1.03,18.8,4,2.5,3.45,3.25,1.85,4.8,1.6,4.9,0,2,0
1557,6,"E_setacea_setacea",395,400,1.78,45.15,12.89,1,0,4.58,0.78,20.79,5,3.2,4.1,3.6,2.25,5.6,1.8,5.4,0,2,0
1564,3,"E_setacea_setacea",295,235,2.68,89.92,26.11,1,0,22.1,1.29,38.23,7,5,5.3,4.2,1.9,5.7,1.8,5.7,0,2,0
1564,1,"E_setacea_setacea",230,180,1.88,54.56,27.4,1,0,10.81,1.17,35.13,7,5.75,5.6,4.6,1.7,5.7,1.7,5.9,0,2,0
1568,2,"E_setacea_setacea",445,340,1.67,87.13,18.27,1,0,15.86,1.04,49.71,11,7.2,5.7,5.4,2.1,6,1.6,5.9,0,2,0
1569,5,"E_setacea_setacea",230,160,1.52,51.86,16.45,1,0,11.87,1.08,30.35,7,5,5.4,4.7,1.9,5.5,1.7,5.45,0,2,0
1569,2,"E_setacea_setacea",360,245,2.28,74.43,18.4,1,0,9.71,1.18,46.83,8,5.8,5.5,4.9,1.7,6,1.7,5.9,0,2,0
1577,1,"E_setacea_setacea",345,245,1.68,57.1,22.7,1,0,12.97,1.25,38.91,9,3.1,6.7,5,1.7,5.2,1.6,5.2,0,2,0
1577,4,"E_setacea_setacea",450,230,2.52,74.4,18.32,1,0,18.14,1.32,47.83,11,4.8,5.8,5.3,1.7,5.8,1.75,5.7,0,2,0
1587,6,"E_setacea_setacea",730,650,2.1,44.37,16.31,1,0,16.37,1.49,26.77,5,3.4,3.9,3.35,1.5,5.2,1.3,5,0,2,0
1587,3,"E_setacea_setacea",570,500,2.18,48.56,19.72,1,0,19.96,1.05,34.3,8,4.05,3.5,3.1,1.8,5.2,1.7,5.1,0,2,0
1593,5,"E_setacea_setacea",440,395,1.24,35.77,10.19,1,0,10.77,1.09,14.44,4,0.6,4.5,4.8,1.4,4.8,1.7,4.45,0,2,0
1595,3,"E_setacea_setacea",375,285,2.78,37,11.99,0,0,8.33,1.06,28.2,6,1.2,6.85,7.1,1.7,7.3,3.05,7.1,0,2,0
1595,1,"E_setacea_setacea",470,355,1.28,43.17,13.33,0,0,16.86,0.91,28.74,5,1.65,7.7,7.5,1.5,7.3,3.1,7.2,0,2,0
1600,1,"E_setacea_setacea",330,250,2.33,66.54,13.19,1,0,14.23,1.47,31.78,7,2.8,6,5.7,2.1,7.5,2.8,7.15,0,2,0
1600,3,"E_setacea_setacea",260,205,2.96,38.38,11.71,0,0,33.75,1.35,26.57,6,2.4,6.1,5.9,2,7.2,2.85,7.1,0,2,0
1614,2,"E_setacea_setacea",280,260,1.05,57,17.6,1,0,14.93,0.97,27.05,4,3.1,7.4,5.8,1.9,6.9,2.5,6.55,0,2,0
1614,3,"E_setacea_setacea",270,230,1.26,56.83,13.85,1,0,10.27,0.75,22.05,4,2.1,5.4,4.7,1.6,6,2.2,5.8,0,2,0
1617,2,"E_setacea_setacea",890,765,1.46,63.92,21.08,1,0,23.29,1.35,39.41,8,4.4,6.2,4.9,1.8,6.3,1.5,6.2,0,2,0
1617,1,"E_setacea_setacea",470,365,2.7,90.69,20.74,1,0,14.07,1.45,40.21,7,5,4.95,4.1,1.5,6.3,1.7,6.1,0,2,0
1617,4,"E_setacea_setacea",630,530,2.54,58.34,18.61,1,0,7.83,1.28,30.41,7,3,3.4,3.1,1.6,5.4,1.6,5.4,0,2,0
1610,4,"E_setacea_setacea",660,480,2.01,79.83,24.72,1,0,28.38,1.53,50.76,10,5,4.7,4.3,1.7,6,1.7,5.9,0,2,0
1610,1,"E_setacea_setacea",400,260,1.85,61.87,24.99,1,0,19.63,1.38,42.01,7,5.5,4.7,4.55,1.55,6.4,1.5,6.25,0,2,0
1629,1,"E_setacea_setacea",720,515,2.11,62.62,28.54,1,0,42.82,1.35,48.44,8,4.4,4.7,4,1.6,6,1.5,5.9,0,2,0
1629,3,"E_setacea_setacea",640,390,1.73,59.22,33.32,1,0,28.79,1.46,69.02,15,6.1,4.3,3.9,1.7,5.7,1.4,5.4,0,2,0
1633,2,"E_setacea_setacea",400,325,1.11,74.6,25.76,1,0,21.79,1.27,31.68,5,5.1,6,5.9,1.4,5.25,1.5,5.2,0,2,0
1557,3,"E_setacea_setacea",355,360,1.46,34.65,3.31,1,0,5.09,0.81,20.24,4,3.4,4.1,3.8,1.7,5.3,1.3,5.2,0,2,0
1564,4,"E_setacea_setacea",295,215,2.46,76.38,20.49,1,0,12.81,1.22,49.08,9,4.5,5.1,4.5,1.5,6,1.9,6,0,2,0
1569,3,"E_setacea_setacea",240,210,2.61,38.98,16.95,1,0,10.98,1.23,53.26,9,4.3,4.7,4.75,1.8,5.4,1.25,5,0,2,0
1577,2,"E_setacea_setacea",485,265,2.16,92.57,22.37,1,0,19.64,1.51,53.27,13,5,5.6,5.4,1.7,5.65,1.8,5.5,0,2,0
1587,2,"E_setacea_setacea",830,800,1.68,45.25,16.88,1,0,21.84,0.69,17.41,3,2.5,4.2,3.5,1.9,5.1,1.5,4.95,0,2,0
1593,1,"E_setacea_setacea",375,360,1.95,52.04,10.04,1,0,18.09,1,26.06,8,1.2,5.15,5.2,1.6,5.3,1.7,5.25,0,2,0
1600,2,"E_setacea_setacea",330,260,3.07,31.94,15.39,0,0,6.56,1.27,30.78,6,2.4,6.45,6.2,2.1,7.4,3.1,7.3,0,2,0
1610,3,"E_setacea_setacea",390,295,1.98,62.86,20.13,1,0,14.02,1.14,32.69,7,3.7,4.05,3.9,1.7,5.5,1.7,5.4,0,2,0
1617,5,"E_setacea_setacea",690,640,1.11,62.43,14.46,1,0,18.66,1.31,30.81,5,5.1,4.75,4.2,1.9,6.1,1.9,6.1,0,2,0
1629,2,"E_setacea_setacea",790,585,3.16,79.39,36.62,1,0,47.36,1.49,48.76,11,3.4,4.4,3.6,1.9,5.5,1.7,5.3,0,2,0
1631,2,"E_setacea_scabra",140,105,2,27.03,11.87,1,0,6.82,0.98,36.52,8,1.6,4.6,4.5,1.8,6.05,2.5,5.95,0,2,0
1636,1,"E_setacea_scabra",530,415,2.08,71.72,18.74,1,0,12.59,1.18,47.81,8,7,6.2,6.2,1.9,7.15,3.7,7.1,0,2,0
1644,1,"E_setacea_scabra",395,290,4.59,71.83,29.92,0,0,16.83,1.53,57.29,14,4.9,4.55,4.75,1.4,6.4,3.3,6.35,0,2,0
1641,1,"E_setacea_scabra",205,145,1.04,32.82,15.82,1,0,7.37,0.95,27.05,5,3.4,3.1,2.8,1.5,5.7,2.6,5.7,0,2,0
3,3,"E_rehmannii_subspicata",490,360,4.59,77.53,47.07,0,0,46.95,1.05,40.64,9,1.15,6.9,5.9,2,6.8,6,6.2,8,1,1
1590,1,"E_rehmannii_subspicata",700,715,3.14,144.03,38.77,0,0,68.33,1.03,22.28,3,3.9,6.6,6.2,2.1,6.8,5.9,6.25,9,1,1
1590,3,"E_rehmannii_subspicata",1135,1020,4.86,161.16,44.52,0,0,75.19,1.46,85.86,19,6.2,6.4,6.15,1.8,6.5,5.8,6.05,10,1,1
1659,6,"E_rehmannii_subspicata",680,520,4.82,103.83,43.22,0,0,63,0.87,49.74,10,4.3,7.9,7.35,1.7,7.8,7,7.3,7,1,1
1659,4,"E_rehmannii_subspicata",440,320,3.39,96.67,37.52,0,0,113.24,1.09,51.04,12,4,7.6,7,2,7.8,7,7.25,8,1,1
1660,4,"E_rehmannii_subspicata",460,370,1.82,25.67,24.81,1,1,99.29,1.56,34.34,8,1.75,4.55,4.45,1.3,4.5,4.2,4.2,9,1,1
1660,5,"E_rehmannii_subspicata",430,350,1.54,29.09,17.93,1,1,89.07,1.26,23.05,6,2.7,3.95,3.75,1.6,4.6,4.2,4.4,6,1,1
1647,1,"E_rehmannii_rehmannii",780,640,3.26,93.14,22.66,0,0,79.51,1.13,48.7,8,4.4,6.9,6.8,1.6,6.55,5.9,6,9,0,1
1649,1,"E_rehmannii_rehmannii",990,620,3.79,83.77,55.22,0,0,165.5,1.84,108.51,30,5.2,5.3,5.1,1.8,5.9,5.2,5.55,0,0,1
1649,2,"E_rehmannii_rehmannii",760,530,3.22,132,31.78,0,0,67.72,1.04,66.59,20,7.4,5.7,5.5,2.05,5.9,5.55,5.85,7,0,1
1652,2,"E_rehmannii_rehmannii",700,620,4.24,119.68,60.85,0,0,88.31,0.91,35.47,7,2.7,6,5.75,2.2,7.05,6.2,6.7,5,0,1
1652,3,"E_rehmannii_rehmannii",930,790,5.42,146.69,40.54,0,0,90.52,0.72,71.76,15,6.1,6.05,6.2,2.2,7.2,6.1,6.8,11,0,1
1653,1,"E_rehmannii_rehmannii",645,565,3.26,101,45.96,0,0,102.47,1.37,53.63,12,6.8,6.9,7,2.1,7.85,7.1,7.55,7,1,1
1653,2,"E_rehmannii_rehmannii",640,445,3.22,82.71,53.28,0,0,113.79,1.18,56.5,13,7,7.25,7.4,2.1,7.95,7.2,7.65,6,1,1
1567,3,"E_rehmannii_filiformis",295,290,0.9,15.02,10.8,1,0,29.4,0.56,7.25,1,1.5,3.7,3.7,1.4,4.3,3.3,3.9,20,0,1
1567,2,"E_rehmannii_filiformis",685,675,1.41,52.44,31.71,1,1,121.22,1.01,9.99,1,4.7,7.15,6.8,1.4,5.8,4.65,5.2,21,0,1
1571,2,"E_rehmannii_filiformis",600,595,0.74,14.99,10.51,1,1,77.67,0.52,6.92,1,3.9,5.65,5.6,1.4,5.5,4.4,5,16,0,1
1571,1,"E_rehmannii_filiformis",345,325,0.86,18.85,20.07,1,1,56.04,0.52,7.1,1,3,5,4.7,1.3,5.1,3.9,4.6,12,0,1
1589,2,"E_setacea_disticha",190,165,2.14,24.66,4.63,2,0,4.6,1.2,15.84,5,0.9,4.8,4.7,1.4,4.8,2.4,4.5,0,2,0
1597,2,"E_setacea_disticha",110,105,1.28,13.41,3.58,1,0,2.16,0.74,5.94,1,4,3.7,3.8,1.25,4.1,1.1,4,0,2,0
1598,3,"E_setacea_disticha",115,105,0.93,12.73,4.54,2,0,2.59,0.79,7.74,1,1.1,2.5,2.7,1.4,3.85,1.2,3.6,0,2,0
1599,3,"E_setacea_disticha",145,125,1.46,29.8,6.84,1,0,5.2,0.7,13.4,3,1.4,4.15,4.5,1.4,5,1.8,4.9,0,2,0
1572,2,"E_setacea_uniflora",395,360,1.51,45.23,17.57,0,0,20.95,0.46,18.28,4,1.6,4.7,4.5,1.2,4.1,1.5,3.85,0,2,0
1604,4,"E_setacea_uniflora",730,705,1.08,76.71,25.2,0,0,60.88,0.35,9.57,2,2.7,4.8,4.8,1.3,4.4,1.7,4,0,2,0
1559,4,"E_rupestris_rupestris",325,210,3.22,38.88,12.66,2,0,5.22,1.05,36.19,8,3.9,1.95,1.95,1.8,4.9,2.4,4.9,0,2,0
1605,4,"E_rupestris_rupestris",290,220,3.52,34.81,15.79,2,0,5.17,1.26,36.44,9,3.05,1.7,1.9,1.8,4.4,1.8,4.2,0,2,0
1634,3,"E_rupestris_rupestris",410,335,2.92,37.83,16.21,2,0,5.33,1.46,22.34,4,5.1,2.1,2.1,1.6,5.05,1.8,4.9,0,2,0
1655,4,"E_rupestris_rupestris",345,230,2.32,30.48,15.62,2,0,5.48,0.95,27.9,6,6.5,2.1,2,1.6,5.2,2.6,5,0,2,0
1565,3,"E_rupestris_dodii",275,275,1.08,44.43,20.4,1,0,47.36,0.63,12.6,3,1.7,1.5,1.4,1,4.15,1.3,4,0,2,0
1578,1,"E_rupestris_dodii",185,195,1.26,74.3,13.25,1,0,34.45,0.54,10.53,1,6.7,1.6,1.8,0.9,4.8,1.8,4.5,0,2,0
1602,5,"E_rupestris_dodii",170,165,0.84,66.06,9.73,1,0,26.1,0.5,9.1,1,5.2,1.5,1.4,1.1,4.9,1.7,4.8,0,2,0
1616,3,"E_rupestris_dodii",185,165,0.8,40.48,9.11,1,0,8.62,0.44,9.15,1,3.8,1.2,1.4,1.3,4.8,1.4,4.4,0,2,0
1639,1,"E_rupestris_dodii",240,170,1.22,35.42,11.64,1,0,35.27,0.42,13.02,2,4,1.4,1.4,1.1,3.9,1.2,3.8,0,2,0
1558,5,"E_rupestris_tricostata",465,455,1.3,26.04,9.04,1,0,7.54,0.91,15.33,3,2.8,2,2,1.15,4.45,1.1,4.2,0,2,0
1579,5,"E_rupestris_tricostata",470,390,2.8,40.18,54.27,1,1,113.64,1.28,37.29,9,2.5,1.4,1.7,1.3,5.6,2.2,4.9,0,2,0
1586,1,"E_rupestris_tricostata",410,395,1.4,48.43,18.07,1,0,35.47,1.15,15.81,3,2.4,2.5,3.5,1.8,5.2,1.4,5.1,0,2,0
1594,2,"E_rupestris_tricostata",500,390,1.62,15.2,48.68,1,1,151.93,1.05,23.6,5,0.8,1.9,1.8,1.2,5.2,1.25,5.1,0,2,0
1603,6,"E_rupestris_tricostata",470,350,1.39,60.13,48.67,1,0,143.06,0.98,39.6,7,0.65,1.9,1.9,1.1,5.7,1.8,5.3,0,2,0
1618,2,"E_rupestris_tricostata",420,370,1.46,44.08,17.34,1,0,48.41,0.72,21.75,5,3.1,1.1,1.1,1.35,4.5,1.15,4.5,0,2,0
1621,4,"E_rupestris_tricostata",380,295,1.96,70.16,25.31,1,0,19.2,0.77,45.1,8,4.7,2.1,1.7,1.4,5,1.5,4.9,0,2,0
1632,4,"E_rupestris_tricostata",370,295,1.12,68.47,22.4,1,0,54.77,0.7,29.11,4,3.85,2.6,2.5,1.5,5.6,2.1,5.4,0,2,0
1648,2,"E_rupestris_tricostata",295,200,1.4,84.72,26.35,1,0,50.59,0.73,35.62,7,4.6,1.5,1.5,1.5,5.4,1.6,5.15,0,2,0
1657,1,"E_rupestris_tricostata",300,280,0.85,19.88,26.04,1,0,32.25,0.9,17.87,3,2.8,2.2,2.4,1.3,5.3,1.5,5,0,2,0
1661,2,"E_rupestris_tricostata",770,660,0.92,8.51,40.42,1,0,134.18,1.37,33.5,6,0.5,2.2,2.1,1.2,4.5,1.3,4.4,0,2,0
3,6,"E_rehmannii_subspicata",540,330,7.08,94.81,48.17,0,0,138.09,1.8,64.51,16,5.6,6.8,6.4,2.2,7.2,6.7,6.7,10,0,1
1590,6,"E_rehmannii_subspicata",770,630,5.72,166.34,52.26,0,0,89.44,1.07,94.78,14,3.1,6.8,6.3,2.2,7,6.1,6.6,11,1,1
1659,2,"E_rehmannii_subspicata",455,550,4.26,98.75,25.51,0,0,71.76,1.15,29.35,6,4.6,6.5,6.4,1.9,7.1,6.25,6.5,8,1,1
1660,2,"E_rehmannii_subspicata",490,410,1.64,31.28,23.31,1,1,81.9,1.54,33.64,7,1,3.3,3.2,1.3,4.2,3.75,3.9,3,0,1
1649,3,"E_rehmannii_rehmannii",895,555,4.01,139.68,45.54,0,0,73.04,1.3,86.92,20,4.6,6,5.8,1.5,6.2,5.8,5.8,2,0,1
1652,5,"E_rehmannii_rehmannii",680,330,4.76,87.97,34.47,0,0,93.69,1.12,74.53,16,9.1,6.9,6.6,2,7.4,6.3,6.8,8,0,1
1653,4,"E_rehmannii_rehmannii",675,455,3.62,91.22,37.24,0,0,63.32,1.45,84.47,26,5,6.2,6.4,1.8,7.6,6.7,7.2,6,1,1
1,1,"E_rehmannii_filiformis",985,900,2.42,112.68,38.01,0,0,86.42,0.75,29.09,4,3.4,6.8,6.9,1.7,6.3,5.6,5.8,22,0,1
4,5,"E_rehmannii_filiformis",400,370,0.88,30.4,23.67,1,0,84.45,0.81,28.23,6,1.75,5.9,6.4,1.6,5.1,4.8,4.9,8,1,1
1567,5,"E_rehmannii_filiformis",590,555,0.96,32.74,23.95,1,1,83.16,0.71,8.08,1,3.55,6.2,6,1.4,5.1,4,4.3,17,0,1
1591,4,"E_rehmannii_filiformis",590,575,0.96,23.12,11.97,1,1,62.89,0.58,11.01,2,4.6,5.7,5.7,1.6,5.45,4.2,5,13,0,0
1592,6,"E_rehmannii_filiformis",490,480,0.68,20.54,10.2,0,1,46.45,0.46,6.1,1,3.9,4.7,4.5,1.7,4.7,4.05,4.4,9,0,1
1615,2,"E_rehmannii_filiformis",210,210,0.66,12.53,10.4,1,0,53.6,0.47,6.02,1,2.5,5,5.1,1.4,4.6,3.9,4.2,6,0,1
1566,3,"E_ramosa_aphylla",620,360,1.09,13.67,90.99,1,1,66.12,1.72,82.83,20,11.6,10.3,9.9,2.6,7.65,6.5,7.1,20,1,1
1570,4,"E_ramosa_aphylla",360,315,0.64,9.34,41.11,1,1,153.6,1.42,34.29,6,3.8,7.7,7.9,2,6.2,5.6,6.2,0,1,1
1576,1,"E_ramosa_aphylla",515,375,0.98,9.98,71.62,1,1,128.47,1.84,68.75,20,4.4,6.8,7,1.95,6.1,5,5.7,20,1,1
1601,4,"E_ramosa_aphylla",565,455,1.14,19.16,49.86,1,1,131.2,1.33,31.01,10,4.3,6.1,6,1.6,5.4,4.9,5.2,5,1,1
1609,4,"E_ramosa_aphylla",615,485,1.32,19.51,46.51,1,1,178,1.68,58.77,21,5.8,6.4,6.2,2,6.5,5.6,6,0,1,1
1622,5,"E_ramosa_aphylla",595,465,0.6,7,45.6,1,1,122.65,1.38,44.07,9,3.9,5.8,6.1,1.7,6.2,5.4,5.8,0,1,1
1560,3,"E_ramosa_ramosa",390,325,0.83,4.23,38.02,1,1,84.1,1.74,43.25,15,4.2,5.4,5.75,1.9,6.35,5.3,6,0,1,1
1585,1,"E_ramosa_ramosa",780,620,0.91,5.28,42.72,1,1,123.36,2.35,59.5,21,5.4,5.25,5.6,1.8,5.9,5.05,5.6,0,1,1
1606,5,"E_ramosa_ramosa",420,310,1.09,6.05,40.59,1,1,93.37,2.01,31.53,9,5.4,5.5,5.7,1.8,5.5,4.9,5.05,0,1,1
1611,4,"E_ramosa_ramosa",915,775,1.46,7.2,71.5,1,1,166,3.06,99.31,34,8.9,6.5,7,2.5,7.5,6.6,7.1,0,1,1
1624,4,"E_ramosa_ramosa",520,230,0.92,4.37,68.98,1,1,226,2.41,64.62,19,5.2,6.7,7.05,2.35,8.6,7.26,8.3,0,1,1
1626,1,"E_ramosa_ramosa",685,405,1.99,20.75,49.09,1,1,157.16,1.95,50.44,13,6.6,5.9,5.9,2.3,6.3,6,6.1,0,1,1
1635,4,"E_ramosa_ramosa",550,385,0.44,4.95,48.89,1,1,101.75,2.08,40.95,6,3.4,8.15,8.25,2,7.9,6.4,7.1,0,1,1
1643,5,"E_ramosa_ramosa",1165,995,0.76,6.4,79.79,1,1,126.81,3.11,108.39,19,6.3,8.35,8.8,2.4,8.6,7.75,8.1,0,1,1
1645,3,"E_ramosa_ramosa",780,555,0.97,24.44,66.45,1,1,148.89,1.83,57.03,9,9.3,6.75,6.8,1.7,6.75,6.3,6.85,0,1,1
1654,5,"E_ramosa_ramosa",555,425,0.55,2.93,39.27,1,1,92.08,2.3,47.94,7,8.7,6.7,6.7,1.9,7.1,5.6,6.7,0,1,1
1656,2,"E_ramosa_ramosa",925,720,0.43,5.05,46.99,1,1,135.06,3.34,81.29,21,3.5,6.2,6.8,1.8,6.95,6.4,6.4,0,0,1
1570,2,"E_ramosa_aphylla",535,470,0.68,9.64,38.34,1,1,104.57,1.89,39.02,8,7.5,7.9,8.2,1.6,6.65,5.3,6.3,0,1,1
1593,2,"E_setacea_setacea",690,675,1.18,35.09,10.34,1,0,12.14,1.32,35.27,9,1.5,6.7,6,1.5,5.6,1.9,5.4,0,2,0
1593,4,"E_setacea_setacea",705,650,1.68,37.61,11.43,1,0,9.04,1.33,26.53,9,1.3,6.3,6.2,1.55,5.9,2,5.55,0,2,0
1628,3,"E_microlaena",230,180,1.14,113.12,44.16,1,0,130.01,2.09,97.21,6,6.6,3.6,5.7,2.4,30,15.7,30,0,1,1
1646,1,"E_dura",1010,515,8.01,199,60.41,0,0,141.5,2.27,133.69,32,5.6,2.8,4.9,2.3,15.35,9.6,15.35,0,1,1
1625,1,"E_longifolia",1160,605,5.26,296,88.43,1,1,117.99,2.91,275,94,6.1,8.7,10.45,3.6,13.4,12.8,13.3,20,1,1
1638,1,"E_dura",290,240,3.78,234.5,53.44,0,0,40.24,1.17,77.7,12,4.2,2.2,3.4,2.15,13.3,6.9,13.2,0,1,1
1555,1,"E_capensis",915,450,8.56,152.02,58.29,0,0,155.19,2.57,163.5,78,5,6.2,6.3,2.8,10.4,9.9,10.3,17,1,1
1556,1,"E_bulbosa",335,220,2.56,57.52,46.62,0,0,55.96,1.48,69.19,28,2.9,4.2,4.8,2.55,9.05,8.7,9.05,15,1,1
1544,1,"E_ottonis",1075,410,2.83,114.16,190.5,0,0,259,2.97,210,197,9,8.4,8.9,2.35,10.9,9.2,10.8,23,1,1
1519,1,"E_melicoides",345,175,2.68,72.29,75.44,0,0,115,1.16,133.62,89,2.6,3.3,3.3,1.3,3.4,2.15,3.3,0,2,0
1516,1,"E_eburnea",375,135,3.41,141.98,72.96,0,0,155.5,1.2,90.48,29,6.3,4.5,5.7,3,13.9,12,13.85,0,1,1
1552,1,"E_erecta",695,625,12.93,184.5,46.18,0,0,66.21,2.02,166.5,208,2.3,1.9,2.6,1.5,4,3.4,3,13,0,0
1525,1,"E_longiflora",485,220,8.15,142.5,29.83,0,0,74.88,2.07,150,89,1.5,3.3,4.3,1.9,17.1,13.35,16.7,8,1,1
1543,1,"E_triandra",385,165,4.18,68.44,27.95,0,0,57.7,0.52,112.43,57,3.7,3.3,3.9,1.9,11.5,11.9,11.3,8,1,1
1542,1,"E_delicatula",430,260,6.55,151,44.2,0,0,49.95,0.86,122.11,90,3.1,2,2.2,1.1,2.6,2.25,2.5,8,1,0
1532,1,"E_barbinodis",750,490,2.18,79.36,85.49,1,0,63.14,2.07,126.46,43,3.9,8.3,9.5,2.6,13.8,10.9,13.6,15,1,1
1550,1,"E_villosa_villosa",795,665,4.1,123.23,72.57,1,1,135,2.19,109.53,27,7.4,9.4,10.3,2.7,13.1,11.2,13,0,1,1
695,1,"E_microlaena",975,405,1.48,280,46.66,1,0,152,2.35,122.51,20,13.5,3.65,5.4,2.4,29.5,14.9,29.5,0,1,1
1551,1,"E_thunbergii",1030,570,4.25,151.17,67.03,1,0,113.16,1.92,197,60,10.1,5.95,7.2,2.7,14.7,12.2,14.6,0,1,1
1547,1,"E_brevifolia_brevifolia",420,185,2.79,32.63,34.43,0,0,58.49,0.62,117.34,59,2.4,3.1,3.1,0.8,2.8,1.6,2.8,0,2,1
1534,1,"E_calycina_robust",850,510,3.11,298,131.3,1,0,118.75,2.05,266,140,2.6,6.9,6.9,2,9.05,7.1,9,0,1,1
1517,1,"E_calycina_robust",795,390,3.5,279,130.97,1,0,100.9,1.81,220,97,6.8,6.05,6.2,2.1,8.2,6.6,8.3,0,1,1
1526,1,"E_brevifolia_cuspidata",575,320,4.06,48,46.37,0,0,50.17,0.95,142.5,106,4.4,4.35,4.4,1.2,4.1,2.25,4,0,1,1
1535,1,"E_pusilla",345,85,4.42,28.13,35.48,0,0,68.09,1.07,79.94,25,3.6,5.2,5.3,1.85,9.5,5.7,9.5,0,1,1
1544,1,"E_calycina_clanwilliam",1525,865,6.9,495,189,0,0,112.15,3.76,315,650,1.7,5.5,5.5,1.6,5.55,4.6,5.35,0,1,1
1523,1,"E_calycina_gracile",725,345,2.59,125.16,92.16,1,0,89.82,1.48,137.98,45,3.9,6.35,6.3,1.7,7.35,6.3,7.2,0,1,1
